paper_id,title,year,venue,authors,paper_url,doi,official_code_url,code_available,dataset(s),feature_extractor(s),template_protection_scheme(s),attacker_goal,attacker_knows_key,attacker_knows_protection_parameters,attacker_knows_feature_extractor,single_or_multi_template,number_of_exposures,reconstruction_based,identity_embedding_based,primary_metrics,compute_requirements,data_access_difficulty,estimated_reproduction_difficulty,relevance_to_our_project,exact_result_we_want_to_reproduce,notes
benchmark_cb,"Benchmarking of Cancelable Biometrics for Deep Templates",2026,"EURASIP Journal on Image and Video Processing","H. Otroshi Shahreza et al.",https://arxiv.org/abs/2302.13286,10.1186/s13640-025-00679-y,https://github.com/otroshi/benchmark_cb,unclear,"MOBIO face plus other modalities",ArcFace,"BioHash; MLP-Hash; Bloom; IoM-URP; IoM-GRP; Rand-Hash","recognition/privacy evaluation","varies by scenario","yes in known-key scenario","yes",single,1,no,no,"EER; unlinkability; irreversibility",moderate,restricted,4,highest,"ArcFace+MOBIO BioHash EER and privacy metric","URL was 404 on 2026-08-25; exact commit unavailable"
gafar,"Template Inversion Attack against Face Recognition Systems using 3D Face Reconstruction",2023,ICCV,"H. Otroshi Shahreza; S. Marcel",https://openaccess.thecvf.com/content/ICCV2023/html/Shahreza_Template_Inversion_Attack_against_Face_Recognition_Systems_using_3D_Face_ICCV_2023_paper.html,,https://github.com/idiap/gafar,yes,"FFHQ and evaluation data",ArcFace/target FR,"raw templates",face reconstruction,"varies white/black box","yes","yes",single,1,yes,no,"identity similarity; attack success",high,restricted,5,medium,"official checkpoint evaluation","Official repo BSD-3-Clause; EG3D/checkpoint dependencies"
breaking_template_protection,"Breaking Template Protection: Reconstruction of Face Images from Protected Facial Templates",2024,FG,"H. Otroshi Shahreza; S. Marcel",https://publications.idiap.ch/attachments/papers/2024/OtroshiShahreza_FG-2_2024.pdf,10.1109/FG59268.2024.10581959,,unclear,"paper-specified face data",ArcFace,"BioHash; MLP-Hash; homomorphic encryption",face reconstruction,yes,yes,yes,single,1,yes,no,"reconstruction/recognition",high,unclear,5,high,"one disclosed-protection reconstruction condition","Different threat model: high knowledge, not our key-agnostic setting"
facelinkgen,"FaceLinkGen: A Re-evaluation of Identity Leakage in Privacy-Preserving Face Recognition and Face Anonymization Systems Using Simple Distillation",2026,arXiv,"Wenqi Guo; Mohamed Shehata; Shan Du",https://arxiv.org/html/2602.02914v3,,"No verified official repository found",no,"MS1M; paper-specified De-ID data",ArcFace,"MinusFace; PartialFace; DecoyFace; TIP-IM; PerceptFace; Protego; WDP",identity linkage,"unknown per-query randomness","black-box protection oracle",yes,single,1,no,yes,"matching; Recall@K",high,partly restricted,4,highest,"identity distillation and linkage","V3 checked 2026-09-18; FracFace excluded; not reproduced; see closest_work_2026-09-18.md"
sani_survey,"Biometric template attacks and recent protection mechanisms: A survey",2024,"Information Fusion 103, 102144","S. M. Abdullahi et al.",https://findresearcher.sdu.dk/ws/portalfiles/portal/252814801/Biometric_template_attacks_and_recent_protection_mechanisms_A_survey.pdf,10.1016/j.inffus.2023.102144,,no,multiple,multiple,multiple,threat-model taxonomy,not-applicable,not-applicable,not-applicable,multiple,multiple,multiple,multiple,"attack knowledge; EER",none,public,1,grounding,"taxonomy extraction","Open access CC license per publisher page"
multi_record,"Attacks via Record Multiplicity on Cancelable Biometrics Templates",2014,"Concurrency and Computation: Practice and Experience 26(8)","Cai Li; Jiankun Hu",https://doi.org/10.1002/cpe.3042,10.1002/cpe.3042,,unclear,fingerprint templates,"paper-specified",four cancelable fingerprint schemes,record-multiplicity reconstruction,yes,yes,unclear,multiple,multiple,yes,no,"recovery/cryptanalysis",low,unclear,4,high,"multiple-record effect","Publisher abstract and metadata checked 2026-09-18; parameters disclosed; full cryptanalysis not reproduced"
maximal_leakage,"On Measuring Linkability of Multiple Protected Biometric Templates Using Maximal Leakage",2024,"IEEE Access","H. Otroshi Shahreza; Y. Y. Shkel; S. Marcel",https://doi.org/10.1109/ACCESS.2024.3433536,10.1109/ACCESS.2024.3433536,unclear,unclear,"paper-specified",multiple,multiple,linkability measurement,"not an extraction attacker",varies,varies,multiple,multiple,no,no,maximal leakage,moderate,unclear,3,high,"distinguish measurement from learned extraction","Public-code claim needs source/commit verification"
iom_grp,"Ranking-Based Locality Sensitive Hashing-Enabled Cancelable Biometrics: Index-of-Max Hashing",2018,"IEEE Transactions on Information Forensics and Security","Z. Jin; J. Y. Hwang; Y. L. Lai; S. Kim; A. B. J. Teoh",https://arxiv.org/abs/1703.05455,10.1109/TIFS.2017.2753172,"No licensed original-author code located",partial,"FVC2002; FVC2004",fixed-length real features,"IoM-GRP; IoM-URP","recognition; irreversibility; unlinkability","two-factor token model",yes,yes,single,1,no,no,"matching; irreversibility; unlinkability",low,public,2,highest,"paper-specified IoM-GRP fresh/reuse multi-exposure curve","Original paper is fingerprint-based; benchmark_cb later applies IoM-GRP to ArcFace/MOBIO; reference face code exists without a license"
polyprotect,"Towards Protecting Face Embeddings in Mobile Face Verification Scenarios",2022,"IEEE Transactions on Biometrics Behavior and Identity Science","V. Krivokuca Hahn; S. Marcel",https://arxiv.org/html/2110.00434v3,10.1109/TBIOM.2022.3140472,https://gitlab.idiap.ch/bob/bob.paper.polyprotect_2021,yes,MOBIO,"128-D Facenet; Idiap",PolyProtect,"recognition; inversion; unlinkability",yes,yes,yes,multiple,1-10,yes,no,"recognition; inversion success; unlinkability",low,restricted,2,highest,"hidden recurring-pool learned set linkage","V3 full text checked 2026-09-18; already studies multiplicity and naive-parameter residual linkage; stricter parameter selection not implemented locally; not source-exact"
