dataset,scheme,split_seed,key_seed,model_seed,model,exposures,top1,chance,best_epoch,best_validation_loss,training_seconds
MOBIO,IoM-GRP,91831,91901,601,single_mlp,1,0.5375,0.03333333333333333,119,0.7883590459823608,3.2030000000013388
MOBIO,IoM-GRP,91831,91901,601,prediction_mean,10,0.9041666666666667,0.03333333333333333,119,0.7883590459823608,0
MOBIO,IoM-GRP,91831,91901,601,mean_mlp,10,0.875,0.03333333333333333,120,0.6651729941368103,3.0469999999986612
MOBIO,IoM-GRP,91831,91901,607,single_mlp,1,0.6083333333333333,0.03333333333333333,116,0.7854759693145752,1.9380000000019209
MOBIO,IoM-GRP,91831,91901,607,prediction_mean,10,0.9666666666666667,0.03333333333333333,116,0.7854759693145752,0
MOBIO,IoM-GRP,91831,91901,607,mean_mlp,10,0.9625,0.03333333333333333,120,0.6706399321556091,2.7809999999990396
MOBIO,IoM-GRP,91831,91901,613,single_mlp,1,0.5,0.03333333333333333,110,0.7849713563919067,1.889999999999418
MOBIO,IoM-GRP,91831,91901,613,prediction_mean,10,0.9666666666666667,0.03333333333333333,110,0.7849713563919067,0
MOBIO,IoM-GRP,91831,91901,613,mean_mlp,10,0.9541666666666667,0.03333333333333333,119,0.666263222694397,2.875
MOBIO,IoM-GRP,91831,91907,601,single_mlp,1,0.5875,0.03333333333333333,119,0.792933464050293,2.077999999997701
MOBIO,IoM-GRP,91831,91907,601,prediction_mean,10,0.9458333333333333,0.03333333333333333,119,0.792933464050293,0
MOBIO,IoM-GRP,91831,91907,601,mean_mlp,10,0.9333333333333333,0.03333333333333333,119,0.6721571087837219,2.8590000000003783
MOBIO,IoM-GRP,91831,91907,607,single_mlp,1,0.6083333333333333,0.03333333333333333,115,0.7890698313713074,1.9840000000003783
MOBIO,IoM-GRP,91831,91907,607,prediction_mean,10,0.9291666666666667,0.03333333333333333,115,0.7890698313713074,0
MOBIO,IoM-GRP,91831,91907,607,mean_mlp,10,0.9541666666666667,0.03333333333333333,120,0.6688843965530396,2.938000000001921
MOBIO,IoM-GRP,91831,91907,613,single_mlp,1,0.6458333333333334,0.03333333333333333,109,0.7914459705352783,2.0469999999986612
MOBIO,IoM-GRP,91831,91907,613,prediction_mean,10,0.9708333333333333,0.03333333333333333,109,0.7914459705352783,0
MOBIO,IoM-GRP,91831,91907,613,mean_mlp,10,1.0,0.03333333333333333,120,0.6645947694778442,3.1560000000026776
MOBIO,IoM-GRP,91831,91909,601,single_mlp,1,0.5583333333333333,0.03333333333333333,119,0.7932912111282349,2.2969999999986612
MOBIO,IoM-GRP,91831,91909,601,prediction_mean,10,0.9291666666666667,0.03333333333333333,119,0.7932912111282349,0
MOBIO,IoM-GRP,91831,91909,601,mean_mlp,10,1.0,0.03333333333333333,114,0.664710521697998,2.9060000000026776
MOBIO,IoM-GRP,91831,91909,607,single_mlp,1,0.5416666666666666,0.03333333333333333,119,0.7879884839057922,1.9679999999971187
MOBIO,IoM-GRP,91831,91909,607,prediction_mean,10,0.9666666666666667,0.03333333333333333,119,0.7879884839057922,0
MOBIO,IoM-GRP,91831,91909,607,mean_mlp,10,1.0,0.03333333333333333,118,0.6571115851402283,2.952999999997701
MOBIO,IoM-GRP,91831,91909,613,single_mlp,1,0.6291666666666667,0.03333333333333333,120,0.7843534350395203,2.0159999999996217
MOBIO,IoM-GRP,91831,91909,613,prediction_mean,10,0.9958333333333333,0.03333333333333333,120,0.7843534350395203,0
MOBIO,IoM-GRP,91831,91909,613,mean_mlp,10,1.0,0.03333333333333333,118,0.6575311422348022,2.9070000000028813
MOBIO,PolyProtect,91831,91901,601,single_mlp,1,0.029166666666666667,0.03333333333333333,16,0.8954134583473206,0.25
MOBIO,PolyProtect,91831,91901,601,prediction_mean,10,0.03333333333333333,0.03333333333333333,16,0.8954134583473206,0
MOBIO,PolyProtect,91831,91901,601,mean_mlp,10,0.0125,0.03333333333333333,12,0.892275333404541,0.23400000000037835
MOBIO,PolyProtect,91831,91901,607,single_mlp,1,0.075,0.03333333333333333,17,0.8930384516716003,0.26599999999962165
MOBIO,PolyProtect,91831,91901,607,prediction_mean,10,0.06666666666666667,0.03333333333333333,17,0.8930384516716003,0
MOBIO,PolyProtect,91831,91901,607,mean_mlp,10,0.0875,0.03333333333333333,12,0.8912264108657837,0.2819999999992433
MOBIO,PolyProtect,91831,91901,613,single_mlp,1,0.041666666666666664,0.03333333333333333,16,0.8963930010795593,0.2649999999994179
MOBIO,PolyProtect,91831,91901,613,prediction_mean,10,0.06666666666666667,0.03333333333333333,16,0.8963930010795593,0
MOBIO,PolyProtect,91831,91901,613,mean_mlp,10,0.0375,0.03333333333333333,12,0.8880661129951477,0.21900000000096043
MOBIO,PolyProtect,91831,91907,601,single_mlp,1,0.5833333333333334,0.03333333333333333,68,0.8129746913909912,0.4850000000005821
MOBIO,PolyProtect,91831,91907,601,prediction_mean,10,0.9083333333333333,0.03333333333333333,68,0.8129746913909912,0
MOBIO,PolyProtect,91831,91907,601,mean_mlp,10,0.6583333333333333,0.03333333333333333,120,0.7837818264961243,0.6559999999990396
MOBIO,PolyProtect,91831,91907,607,single_mlp,1,0.5875,0.03333333333333333,77,0.8125685453414917,0.5469999999986612
MOBIO,PolyProtect,91831,91907,607,prediction_mean,10,0.9041666666666667,0.03333333333333333,77,0.8125685453414917,0
MOBIO,PolyProtect,91831,91907,607,mean_mlp,10,0.85,0.03333333333333333,120,0.7847897410392761,0.6410000000032596
MOBIO,PolyProtect,91831,91907,613,single_mlp,1,0.5166666666666667,0.03333333333333333,67,0.8133841156959534,0.46899999999732245
MOBIO,PolyProtect,91831,91907,613,prediction_mean,10,0.8375,0.03333333333333333,67,0.8133841156959534,0
MOBIO,PolyProtect,91831,91907,613,mean_mlp,10,0.7833333333333333,0.03333333333333333,120,0.7752271890640259,0.625
MOBIO,PolyProtect,91831,91909,601,single_mlp,1,0.05416666666666667,0.03333333333333333,16,0.8930365443229675,0.23400000000037835
MOBIO,PolyProtect,91831,91909,601,prediction_mean,10,0.05,0.03333333333333333,16,0.8930365443229675,0
MOBIO,PolyProtect,91831,91909,601,mean_mlp,10,0.6916666666666667,0.03333333333333333,120,0.8123501539230347,0.6869999999980791
MOBIO,PolyProtect,91831,91909,607,single_mlp,1,0.03333333333333333,0.03333333333333333,16,0.895050585269928,0.21900000000096043
MOBIO,PolyProtect,91831,91909,607,prediction_mean,10,0.05,0.03333333333333333,16,0.895050585269928,0
MOBIO,PolyProtect,91831,91909,607,mean_mlp,10,0.6708333333333333,0.03333333333333333,120,0.8276740908622742,0.6090000000003783
MOBIO,PolyProtect,91831,91909,613,single_mlp,1,0.041666666666666664,0.03333333333333333,15,0.8997244238853455,0.25
MOBIO,PolyProtect,91831,91909,613,prediction_mean,10,0.03333333333333333,0.03333333333333333,15,0.8997244238853455,0
MOBIO,PolyProtect,91831,91909,613,mean_mlp,10,0.5333333333333333,0.03333333333333333,120,0.8125247359275818,0.7649999999994179
FEI,IoM-GRP,91831,91901,601,single_mlp,1,0.740625,0.025,115,0.7080853581428528,2.2659999999996217
FEI,IoM-GRP,91831,91901,601,prediction_mean,10,0.996875,0.025,115,0.7080853581428528,0
FEI,IoM-GRP,91831,91901,601,mean_mlp,10,0.975,0.025,113,0.5712025165557861,3.6719999999986612
FEI,IoM-GRP,91831,91901,607,single_mlp,1,0.690625,0.025,120,0.7094322443008423,2.437000000001717
FEI,IoM-GRP,91831,91901,607,prediction_mean,10,0.996875,0.025,120,0.7094322443008423,0
FEI,IoM-GRP,91831,91901,607,mean_mlp,10,0.978125,0.025,120,0.5724367499351501,3.6559999999990396
FEI,IoM-GRP,91831,91901,613,single_mlp,1,0.740625,0.025,118,0.7108730673789978,2.5
FEI,IoM-GRP,91831,91901,613,prediction_mean,10,0.975,0.025,118,0.7108730673789978,0
FEI,IoM-GRP,91831,91901,613,mean_mlp,10,0.975,0.025,119,0.5790095329284668,3.6570000000028813
FEI,IoM-GRP,91831,91907,601,single_mlp,1,0.7,0.025,115,0.713804304599762,2.6409999999996217
FEI,IoM-GRP,91831,91907,601,prediction_mean,10,0.975,0.025,115,0.713804304599762,0
FEI,IoM-GRP,91831,91907,601,mean_mlp,10,0.990625,0.025,120,0.5689337849617004,4.0
FEI,IoM-GRP,91831,91907,607,single_mlp,1,0.73125,0.025,113,0.7118817567825317,2.639999999999418
FEI,IoM-GRP,91831,91907,607,prediction_mean,10,0.978125,0.025,113,0.7118817567825317,0
FEI,IoM-GRP,91831,91907,607,mean_mlp,10,0.996875,0.025,118,0.5665035843849182,3.9530000000013388
FEI,IoM-GRP,91831,91907,613,single_mlp,1,0.69375,0.025,118,0.71685791015625,2.561999999998079
FEI,IoM-GRP,91831,91907,613,prediction_mean,10,0.95625,0.025,118,0.71685791015625,0
FEI,IoM-GRP,91831,91907,613,mean_mlp,10,0.996875,0.025,108,0.5791574716567993,3.639999999999418
FEI,IoM-GRP,91831,91909,601,single_mlp,1,0.778125,0.025,109,0.7157948017120361,2.5940000000009604
FEI,IoM-GRP,91831,91909,601,prediction_mean,10,0.98125,0.025,109,0.7157948017120361,0
FEI,IoM-GRP,91831,91909,601,mean_mlp,10,1.0,0.025,113,0.5680601000785828,3.75
FEI,IoM-GRP,91831,91909,607,single_mlp,1,0.715625,0.025,118,0.7167332768440247,2.4540000000015425
FEI,IoM-GRP,91831,91909,607,prediction_mean,10,0.971875,0.025,118,0.7167332768440247,0
FEI,IoM-GRP,91831,91909,607,mean_mlp,10,0.990625,0.025,107,0.5715281963348389,3.7810000000026776
FEI,IoM-GRP,91831,91909,613,single_mlp,1,0.746875,0.025,113,0.7150005102157593,2.5309999999990396
FEI,IoM-GRP,91831,91909,613,prediction_mean,10,0.975,0.025,113,0.7150005102157593,0
FEI,IoM-GRP,91831,91909,613,mean_mlp,10,0.99375,0.025,108,0.5840687155723572,3.7030000000013388
FEI,PolyProtect,91831,91901,601,single_mlp,1,0.09375,0.025,20,0.8383265733718872,0.35899999999674037
FEI,PolyProtect,91831,91901,601,prediction_mean,10,0.090625,0.025,20,0.8383265733718872,0
FEI,PolyProtect,91831,91901,601,mean_mlp,10,0.059375,0.025,14,0.8322519063949585,0.2969999999986612
FEI,PolyProtect,91831,91901,607,single_mlp,1,0.075,0.025,19,0.8376542925834656,0.35900000000037835
FEI,PolyProtect,91831,91901,607,prediction_mean,10,0.075,0.025,19,0.8376542925834656,0
FEI,PolyProtect,91831,91901,607,mean_mlp,10,0.1,0.025,14,0.8245816230773926,0.3440000000009604
FEI,PolyProtect,91831,91901,613,single_mlp,1,0.096875,0.025,20,0.8420199751853943,0.3279999999977008
FEI,PolyProtect,91831,91901,613,prediction_mean,10,0.075,0.025,20,0.8420199751853943,0
FEI,PolyProtect,91831,91901,613,mean_mlp,10,0.096875,0.025,15,0.831943929195404,0.3280000000013388
FEI,PolyProtect,91831,91907,601,single_mlp,1,0.625,0.025,111,0.7500500679016113,0.75
FEI,PolyProtect,91831,91907,601,prediction_mean,10,0.9375,0.025,111,0.7500500679016113,0
FEI,PolyProtect,91831,91907,601,mean_mlp,10,0.83125,0.025,120,0.7000865936279297,0.8589999999967404
FEI,PolyProtect,91831,91907,607,single_mlp,1,0.69375,0.025,81,0.7576048374176025,0.75
FEI,PolyProtect,91831,91907,607,prediction_mean,10,0.94375,0.025,81,0.7576048374176025,0
FEI,PolyProtect,91831,91907,607,mean_mlp,10,0.840625,0.025,120,0.7132815718650818,0.8439999999973224
FEI,PolyProtect,91831,91907,613,single_mlp,1,0.65,0.025,94,0.751899778842926,0.8280000000013388
FEI,PolyProtect,91831,91907,613,prediction_mean,10,0.94375,0.025,94,0.751899778842926,0
FEI,PolyProtect,91831,91907,613,mean_mlp,10,0.865625,0.025,120,0.7051315903663635,0.8590000000003783
FEI,PolyProtect,91831,91909,601,single_mlp,1,0.078125,0.025,21,0.8339947462081909,0.3120000000017171
FEI,PolyProtect,91831,91909,601,prediction_mean,10,0.05,0.025,21,0.8339947462081909,0
FEI,PolyProtect,91831,91909,601,mean_mlp,10,0.86875,0.025,120,0.7366041541099548,0.875
FEI,PolyProtect,91831,91909,607,single_mlp,1,0.065625,0.025,23,0.8348089456558228,0.35900000000037835
FEI,PolyProtect,91831,91909,607,prediction_mean,10,0.053125,0.025,23,0.8348089456558228,0
FEI,PolyProtect,91831,91909,607,mean_mlp,10,0.765625,0.025,120,0.7369450926780701,0.875
FEI,PolyProtect,91831,91909,613,single_mlp,1,0.071875,0.025,24,0.8311408162117004,0.3440000000009604
FEI,PolyProtect,91831,91909,613,prediction_mean,10,0.075,0.025,24,0.8311408162117004,0
FEI,PolyProtect,91831,91909,613,mean_mlp,10,0.753125,0.025,120,0.7286607027053833,0.875
MOBIO,IoM-GRP,91843,91901,601,single_mlp,1,0.6041666666666666,0.03333333333333333,116,0.7958329319953918,1.9370000000017171
MOBIO,IoM-GRP,91843,91901,601,prediction_mean,10,0.9666666666666667,0.03333333333333333,116,0.7958329319953918,0
MOBIO,IoM-GRP,91843,91901,601,mean_mlp,10,0.8583333333333333,0.03333333333333333,117,0.6689420342445374,2.952999999997701
MOBIO,IoM-GRP,91843,91901,607,single_mlp,1,0.6333333333333333,0.03333333333333333,115,0.7891733646392822,2.0939999999973224
MOBIO,IoM-GRP,91843,91901,607,prediction_mean,10,0.9333333333333333,0.03333333333333333,115,0.7891733646392822,0
MOBIO,IoM-GRP,91843,91901,607,mean_mlp,10,0.9333333333333333,0.03333333333333333,106,0.6772787570953369,3.0
MOBIO,IoM-GRP,91843,91901,613,single_mlp,1,0.5875,0.03333333333333333,115,0.7918059825897217,1.9379999999982829
MOBIO,IoM-GRP,91843,91901,613,prediction_mean,10,0.9333333333333333,0.03333333333333333,115,0.7918059825897217,0
MOBIO,IoM-GRP,91843,91901,613,mean_mlp,10,0.9125,0.03333333333333333,118,0.6730632781982422,2.875
MOBIO,IoM-GRP,91843,91907,601,single_mlp,1,0.45416666666666666,0.03333333333333333,120,0.788925290107727,2.2659999999996217
MOBIO,IoM-GRP,91843,91907,601,prediction_mean,10,0.8791666666666667,0.03333333333333333,120,0.788925290107727,0
MOBIO,IoM-GRP,91843,91907,601,mean_mlp,10,0.8625,0.03333333333333333,108,0.6658385992050171,2.9219999999986612
MOBIO,IoM-GRP,91843,91907,607,single_mlp,1,0.48333333333333334,0.03333333333333333,119,0.7806411981582642,2.0
MOBIO,IoM-GRP,91843,91907,607,prediction_mean,10,0.8333333333333334,0.03333333333333333,119,0.7806411981582642,0
MOBIO,IoM-GRP,91843,91907,607,mean_mlp,10,0.9375,0.03333333333333333,119,0.6559222936630249,3.0940000000009604
MOBIO,IoM-GRP,91843,91907,613,single_mlp,1,0.5208333333333334,0.03333333333333333,110,0.7907428741455078,2.389999999999418
MOBIO,IoM-GRP,91843,91907,613,prediction_mean,10,0.8708333333333333,0.03333333333333333,110,0.7907428741455078,0
MOBIO,IoM-GRP,91843,91907,613,mean_mlp,10,0.8875,0.03333333333333333,120,0.6690528988838196,3.3280000000013388
MOBIO,IoM-GRP,91843,91909,601,single_mlp,1,0.6916666666666667,0.03333333333333333,120,0.7865092158317566,2.139999999999418
MOBIO,IoM-GRP,91843,91909,601,prediction_mean,10,0.9875,0.03333333333333333,120,0.7865092158317566,0
MOBIO,IoM-GRP,91843,91909,601,mean_mlp,10,0.9458333333333333,0.03333333333333333,118,0.6716120839118958,2.985000000000582
MOBIO,IoM-GRP,91843,91909,607,single_mlp,1,0.625,0.03333333333333333,118,0.7859359383583069,1.9369999999980791
MOBIO,IoM-GRP,91843,91909,607,prediction_mean,10,0.975,0.03333333333333333,118,0.7859359383583069,0
MOBIO,IoM-GRP,91843,91909,607,mean_mlp,10,0.9625,0.03333333333333333,117,0.6716864705085754,3.0940000000009604
MOBIO,IoM-GRP,91843,91909,613,single_mlp,1,0.6041666666666666,0.03333333333333333,117,0.7855790257453918,1.985000000000582
MOBIO,IoM-GRP,91843,91909,613,prediction_mean,10,0.9666666666666667,0.03333333333333333,117,0.7855790257453918,0
MOBIO,IoM-GRP,91843,91909,613,mean_mlp,10,0.95,0.03333333333333333,119,0.6707220077514648,2.9690000000009604
MOBIO,PolyProtect,91843,91901,601,single_mlp,1,0.05,0.03333333333333333,18,0.8825740814208984,0.21900000000096043
MOBIO,PolyProtect,91843,91901,601,prediction_mean,10,0.07916666666666666,0.03333333333333333,18,0.8825740814208984,0
MOBIO,PolyProtect,91843,91901,601,mean_mlp,10,0.06666666666666667,0.03333333333333333,13,0.8651659488677979,0.23500000000058208
MOBIO,PolyProtect,91843,91901,607,single_mlp,1,0.0875,0.03333333333333333,18,0.8863587379455566,0.25
MOBIO,PolyProtect,91843,91901,607,prediction_mean,10,0.1,0.03333333333333333,18,0.8863587379455566,0
MOBIO,PolyProtect,91843,91901,607,mean_mlp,10,0.07916666666666666,0.03333333333333333,11,0.8811749219894409,0.23500000000058208
MOBIO,PolyProtect,91843,91901,613,single_mlp,1,0.0375,0.03333333333333333,18,0.8928588628768921,0.2959999999984575
MOBIO,PolyProtect,91843,91901,613,prediction_mean,10,0.041666666666666664,0.03333333333333333,18,0.8928588628768921,0
MOBIO,PolyProtect,91843,91901,613,mean_mlp,10,0.05416666666666667,0.03333333333333333,13,0.8795496821403503,0.25
MOBIO,PolyProtect,91843,91907,601,single_mlp,1,0.5416666666666666,0.03333333333333333,69,0.8252727389335632,0.5149999999994179
MOBIO,PolyProtect,91843,91907,601,prediction_mean,10,0.9,0.03333333333333333,69,0.8252727389335632,0
MOBIO,PolyProtect,91843,91907,601,mean_mlp,10,0.7875,0.03333333333333333,120,0.7877078652381897,0.7030000000013388
MOBIO,PolyProtect,91843,91907,607,single_mlp,1,0.5458333333333333,0.03333333333333333,71,0.815718948841095,0.5309999999990396
MOBIO,PolyProtect,91843,91907,607,prediction_mean,10,0.8125,0.03333333333333333,71,0.815718948841095,0
MOBIO,PolyProtect,91843,91907,607,mean_mlp,10,0.7791666666666667,0.03333333333333333,120,0.7840039134025574,0.6879999999982829
MOBIO,PolyProtect,91843,91907,613,single_mlp,1,0.5416666666666666,0.03333333333333333,74,0.8185223340988159,0.5470000000022992
MOBIO,PolyProtect,91843,91907,613,prediction_mean,10,0.8708333333333333,0.03333333333333333,74,0.8185223340988159,0
MOBIO,PolyProtect,91843,91907,613,mean_mlp,10,0.7583333333333333,0.03333333333333333,120,0.7839095592498779,0.6719999999986612
MOBIO,PolyProtect,91843,91909,601,single_mlp,1,0.0625,0.03333333333333333,17,0.8886824250221252,0.23399999999674037
MOBIO,PolyProtect,91843,91909,601,prediction_mean,10,0.07916666666666666,0.03333333333333333,17,0.8886824250221252,0
MOBIO,PolyProtect,91843,91909,601,mean_mlp,10,0.4708333333333333,0.03333333333333333,120,0.8053434491157532,0.7189999999973224
MOBIO,PolyProtect,91843,91909,607,single_mlp,1,0.0625,0.03333333333333333,18,0.8864189386367798,0.2820000000028813
MOBIO,PolyProtect,91843,91909,607,prediction_mean,10,0.06666666666666667,0.03333333333333333,18,0.8864189386367798,0
MOBIO,PolyProtect,91843,91909,607,mean_mlp,10,0.6291666666666667,0.03333333333333333,120,0.8086995482444763,0.7179999999971187
MOBIO,PolyProtect,91843,91909,613,single_mlp,1,0.09166666666666666,0.03333333333333333,18,0.8888051509857178,0.25
MOBIO,PolyProtect,91843,91909,613,prediction_mean,10,0.125,0.03333333333333333,18,0.8888051509857178,0
MOBIO,PolyProtect,91843,91909,613,mean_mlp,10,0.55,0.03333333333333333,120,0.8193520903587341,0.6719999999986612
FEI,IoM-GRP,91843,91901,601,single_mlp,1,0.659375,0.025,118,0.7224476933479309,2.4689999999973224
FEI,IoM-GRP,91843,91901,601,prediction_mean,10,0.915625,0.025,118,0.7224476933479309,0
FEI,IoM-GRP,91843,91901,601,mean_mlp,10,0.875,0.025,103,0.5817168354988098,3.6570000000028813
FEI,IoM-GRP,91843,91901,607,single_mlp,1,0.6875,0.025,120,0.7209600210189819,2.452999999997701
FEI,IoM-GRP,91843,91901,607,prediction_mean,10,0.95625,0.025,120,0.7209600210189819,0
FEI,IoM-GRP,91843,91901,607,mean_mlp,10,0.91875,0.025,115,0.5773557424545288,3.6719999999986612
FEI,IoM-GRP,91843,91901,613,single_mlp,1,0.671875,0.025,108,0.7177984714508057,2.4059999999990396
FEI,IoM-GRP,91843,91901,613,prediction_mean,10,0.91875,0.025,108,0.7177984714508057,0
FEI,IoM-GRP,91843,91901,613,mean_mlp,10,0.871875,0.025,113,0.5820249319076538,3.6559999999990396
FEI,IoM-GRP,91843,91907,601,single_mlp,1,0.646875,0.025,119,0.7251892685890198,2.7660000000032596
FEI,IoM-GRP,91843,91907,601,prediction_mean,10,0.8875,0.025,119,0.7251892685890198,0
FEI,IoM-GRP,91843,91907,601,mean_mlp,10,0.8875,0.025,119,0.5768805146217346,4.031999999999243
FEI,IoM-GRP,91843,91907,607,single_mlp,1,0.671875,0.025,112,0.7207767367362976,2.813000000001921
FEI,IoM-GRP,91843,91907,607,prediction_mean,10,0.859375,0.025,112,0.7207767367362976,0
FEI,IoM-GRP,91843,91907,607,mean_mlp,10,0.953125,0.025,119,0.5749920010566711,3.6559999999990396
FEI,IoM-GRP,91843,91907,613,single_mlp,1,0.678125,0.025,120,0.7232145071029663,2.610000000000582
FEI,IoM-GRP,91843,91907,613,prediction_mean,10,0.90625,0.025,120,0.7232145071029663,0
FEI,IoM-GRP,91843,91907,613,mean_mlp,10,0.9625,0.025,119,0.5797927379608154,3.7659999999996217
FEI,IoM-GRP,91843,91909,601,single_mlp,1,0.634375,0.025,115,0.7274610996246338,2.735000000000582
FEI,IoM-GRP,91843,91909,601,prediction_mean,10,0.94375,0.025,115,0.7274610996246338,0
FEI,IoM-GRP,91843,91909,601,mean_mlp,10,0.940625,0.025,114,0.5766907334327698,3.7340000000003783
FEI,IoM-GRP,91843,91909,607,single_mlp,1,0.659375,0.025,111,0.7238367795944214,2.422000000002299
FEI,IoM-GRP,91843,91909,607,prediction_mean,10,0.9375,0.025,111,0.7238367795944214,0
FEI,IoM-GRP,91843,91909,607,mean_mlp,10,0.925,0.025,120,0.5769132375717163,3.6409999999996217
FEI,IoM-GRP,91843,91909,613,single_mlp,1,0.703125,0.025,110,0.7261969447135925,2.4209999999984575
FEI,IoM-GRP,91843,91909,613,prediction_mean,10,0.98125,0.025,110,0.7261969447135925,0
FEI,IoM-GRP,91843,91909,613,mean_mlp,10,0.9625,0.025,117,0.5844784379005432,3.5929999999971187
FEI,PolyProtect,91843,91901,601,single_mlp,1,0.078125,0.025,20,0.8332358002662659,0.3279999999977008
FEI,PolyProtect,91843,91901,601,prediction_mean,10,0.046875,0.025,20,0.8332358002662659,0
FEI,PolyProtect,91843,91901,601,mean_mlp,10,0.05,0.025,15,0.8218601942062378,0.31300000000192085
FEI,PolyProtect,91843,91901,607,single_mlp,1,0.1125,0.025,19,0.8335546851158142,0.35900000000037835
FEI,PolyProtect,91843,91901,607,prediction_mean,10,0.025,0.025,19,0.8335546851158142,0
FEI,PolyProtect,91843,91901,607,mean_mlp,10,0.071875,0.025,14,0.8228997588157654,0.31199999999807915
FEI,PolyProtect,91843,91901,613,single_mlp,1,0.05625,0.025,18,0.8379341959953308,0.31300000000192085
FEI,PolyProtect,91843,91901,613,prediction_mean,10,0.046875,0.025,18,0.8379341959953308,0
FEI,PolyProtect,91843,91901,613,mean_mlp,10,0.028125,0.025,14,0.8240552544593811,0.2969999999986612
FEI,PolyProtect,91843,91907,601,single_mlp,1,0.6125,0.025,76,0.7563526034355164,0.6880000000019209
FEI,PolyProtect,91843,91907,601,prediction_mean,10,0.8625,0.025,76,0.7563526034355164,0
FEI,PolyProtect,91843,91907,601,mean_mlp,10,0.921875,0.025,120,0.69651198387146,0.875
FEI,PolyProtect,91843,91907,607,single_mlp,1,0.61875,0.025,75,0.7603676915168762,0.7190000000009604
FEI,PolyProtect,91843,91907,607,prediction_mean,10,0.90625,0.025,75,0.7603676915168762,0
FEI,PolyProtect,91843,91907,607,mean_mlp,10,0.925,0.025,120,0.6975582242012024,0.9059999999990396
FEI,PolyProtect,91843,91907,613,single_mlp,1,0.63125,0.025,90,0.7595605850219727,0.875
FEI,PolyProtect,91843,91907,613,prediction_mean,10,0.90625,0.025,90,0.7595605850219727,0
FEI,PolyProtect,91843,91907,613,mean_mlp,10,0.7875,0.025,120,0.6994964480400085,0.9840000000003783
FEI,PolyProtect,91843,91909,601,single_mlp,1,0.034375,0.025,19,0.8380193710327148,0.3440000000009604
FEI,PolyProtect,91843,91909,601,prediction_mean,10,0.025,0.025,19,0.8380193710327148,0
FEI,PolyProtect,91843,91909,601,mean_mlp,10,0.746875,0.025,120,0.752776026725769,0.9209999999984575
FEI,PolyProtect,91843,91909,607,single_mlp,1,0.046875,0.025,18,0.8446717262268066,0.3440000000009604
FEI,PolyProtect,91843,91909,607,prediction_mean,10,0.025,0.025,18,0.8446717262268066,0
FEI,PolyProtect,91843,91909,607,mean_mlp,10,0.721875,0.025,120,0.7580130100250244,0.9370000000017171
FEI,PolyProtect,91843,91909,613,single_mlp,1,0.05,0.025,18,0.8394173383712769,0.3280000000013388
FEI,PolyProtect,91843,91909,613,prediction_mean,10,0.05,0.025,18,0.8394173383712769,0
FEI,PolyProtect,91843,91909,613,mean_mlp,10,0.684375,0.025,64,0.761692225933075,0.7179999999971187
