stage,dataset,scheme,split_seed,condition,test_identities,chance,key_seed,set_seed,config_sha256,git_commit,exposures,model,seed,top1,top5,auroc,eer,tar_at_far_1e-2,tar_at_far_1e-3,lower95,upper95,best_epoch,elapsed_seconds,oracle_top1
bounded_validation,MOBIO,IoM-GRP,92531,random_key_pool_4,30,0.03333333333333333,92501,92507,c8060ac7678f8d9d647cc03cdd40c7921a15c96258f99ce8f7f6d053ac108055,ffab5aae7750a254249970c4154d134d4754b2ad,1,single_mlp,701,0.6166666666666667,0.8458333333333333,0.940777658045977,0.15000000000000002,0.5041666666666667,0.25416666666666665,0.5208333333333334,0.7125,116,3.5387074947357178,1.0
bounded_validation,MOBIO,IoM-GRP,92531,random_key_pool_4,30,0.03333333333333333,92501,92507,c8060ac7678f8d9d647cc03cdd40c7921a15c96258f99ce8f7f6d053ac108055,ffab5aae7750a254249970c4154d134d4754b2ad,1,single_mlp,709,0.6041666666666666,0.8916666666666667,0.9467061781609195,0.12076149425287358,0.5625,0.31666666666666665,0.5166666666666667,0.6958333333333333,113,2.2506136894226074,1.0
bounded_validation,MOBIO,IoM-GRP,92531,random_key_pool_4,30,0.03333333333333333,92501,92507,c8060ac7678f8d9d647cc03cdd40c7921a15c96258f99ce8f7f6d053ac108055,ffab5aae7750a254249970c4154d134d4754b2ad,1,single_mlp,719,0.5625,0.8541666666666666,0.9413793103448276,0.14173850574712646,0.4041666666666667,0.2625,0.4625,0.6666666666666666,117,2.2553093433380127,1.0
bounded_validation,MOBIO,IoM-GRP,92531,random_key_pool_4,30,0.03333333333333333,92501,92507,c8060ac7678f8d9d647cc03cdd40c7921a15c96258f99ce8f7f6d053ac108055,ffab5aae7750a254249970c4154d134d4754b2ad,10,mean_mlp,701,0.9458333333333333,1.0,0.9981339798850575,0.030603448275862068,0.9416666666666667,0.9,0.8583333333333333,1.0,112,3.0963294506073,1.0
bounded_validation,MOBIO,IoM-GRP,92531,random_key_pool_4,30,0.03333333333333333,92501,92507,c8060ac7678f8d9d647cc03cdd40c7921a15c96258f99ce8f7f6d053ac108055,ffab5aae7750a254249970c4154d134d4754b2ad,10,mean_mlp,709,0.9666666666666667,1.0,0.9978047174329502,0.033333333333333326,0.9666666666666667,0.9666666666666667,0.9,1.0,117,3.1144754886627197,1.0
bounded_validation,MOBIO,IoM-GRP,92531,random_key_pool_4,30,0.03333333333333333,92501,92507,c8060ac7678f8d9d647cc03cdd40c7921a15c96258f99ce8f7f6d053ac108055,ffab5aae7750a254249970c4154d134d4754b2ad,10,mean_mlp,719,0.95,0.9958333333333333,0.9945803400383142,0.033333333333333326,0.9666666666666667,0.85,0.8666666666666667,1.0,118,3.1040313243865967,1.0
bounded_validation,FEI,IoM-GRP,92531,random_key_pool_4,40,0.025,92501,92507,81e5923f2d36076e3e3d8b092d37172ed8f761c152f3ed0ebebc0d2ff2b0080a,ffab5aae7750a254249970c4154d134d4754b2ad,1,single_mlp,701,0.696875,0.953125,0.9742540564903847,0.08826121794871797,0.6375,0.359375,0.615625,0.771875,114,2.77099871635437,1.0
bounded_validation,FEI,IoM-GRP,92531,random_key_pool_4,40,0.025,92501,92507,81e5923f2d36076e3e3d8b092d37172ed8f761c152f3ed0ebebc0d2ff2b0080a,ffab5aae7750a254249970c4154d134d4754b2ad,1,single_mlp,709,0.659375,0.934375,0.9646684695512822,0.1064903846153846,0.5875,0.278125,0.575,0.7375,110,2.7754790782928467,1.0
bounded_validation,FEI,IoM-GRP,92531,random_key_pool_4,40,0.025,92501,92507,81e5923f2d36076e3e3d8b092d37172ed8f761c152f3ed0ebebc0d2ff2b0080a,ffab5aae7750a254249970c4154d134d4754b2ad,1,single_mlp,719,0.709375,0.934375,0.9695602964743589,0.0937099358974359,0.615625,0.3625,0.625,0.78125,113,2.7930190563201904,1.0
bounded_validation,FEI,IoM-GRP,92531,random_key_pool_4,40,0.025,92501,92507,81e5923f2d36076e3e3d8b092d37172ed8f761c152f3ed0ebebc0d2ff2b0080a,ffab5aae7750a254249970c4154d134d4754b2ad,10,mean_mlp,701,0.990625,1.0,0.9991391225961539,0.015625,0.978125,0.825,0.975,1.0,118,4.025645971298218,1.0
bounded_validation,FEI,IoM-GRP,92531,random_key_pool_4,40,0.025,92501,92507,81e5923f2d36076e3e3d8b092d37172ed8f761c152f3ed0ebebc0d2ff2b0080a,ffab5aae7750a254249970c4154d134d4754b2ad,10,mean_mlp,709,0.9625,1.0,0.9988105969551282,0.021874999999999988,0.965625,0.821875,0.9,1.0,120,4.04164719581604,1.0
bounded_validation,FEI,IoM-GRP,92531,random_key_pool_4,40,0.025,92501,92507,81e5923f2d36076e3e3d8b092d37172ed8f761c152f3ed0ebebc0d2ff2b0080a,ffab5aae7750a254249970c4154d134d4754b2ad,10,mean_mlp,719,0.959375,1.0,0.9981132311698718,0.02768429487179485,0.940625,0.921875,0.89375,1.0,111,4.10924506187439,1.0
bounded_validation,MOBIO,IoM-GRP,92543,random_key_pool_4,30,0.03333333333333333,92501,92507,13ae0044d1c563802de685cc757b2f28c59d60945c1ace426104c979da33d4c0,ffab5aae7750a254249970c4154d134d4754b2ad,1,single_mlp,701,0.675,0.9208333333333333,0.9602843630268199,0.11487068965517243,0.5541666666666667,0.2791666666666667,0.5875,0.7625,116,2.2579643726348877,1.0
bounded_validation,MOBIO,IoM-GRP,92543,random_key_pool_4,30,0.03333333333333333,92501,92507,13ae0044d1c563802de685cc757b2f28c59d60945c1ace426104c979da33d4c0,ffab5aae7750a254249970c4154d134d4754b2ad,1,single_mlp,709,0.6083333333333333,0.9,0.9559476772030652,0.11170977011494254,0.49166666666666664,0.2375,0.5125,0.7001041666666661,115,2.241093158721924,1.0
bounded_validation,MOBIO,IoM-GRP,92543,random_key_pool_4,30,0.03333333333333333,92501,92507,13ae0044d1c563802de685cc757b2f28c59d60945c1ace426104c979da33d4c0,ffab5aae7750a254249970c4154d134d4754b2ad,1,single_mlp,719,0.6583333333333333,0.9208333333333333,0.9564367816091954,0.10445402298850573,0.49583333333333335,0.15,0.5708333333333333,0.7458333333333333,120,2.2885096073150635,1.0
bounded_validation,MOBIO,IoM-GRP,92543,random_key_pool_4,30,0.03333333333333333,92501,92507,13ae0044d1c563802de685cc757b2f28c59d60945c1ace426104c979da33d4c0,ffab5aae7750a254249970c4154d134d4754b2ad,10,mean_mlp,701,0.9916666666666667,1.0,0.9976370929118774,0.026293103448275873,0.9333333333333333,0.825,0.975,1.0,116,3.191230058670044,1.0
bounded_validation,MOBIO,IoM-GRP,92543,random_key_pool_4,30,0.03333333333333333,92501,92507,13ae0044d1c563802de685cc757b2f28c59d60945c1ace426104c979da33d4c0,ffab5aae7750a254249970c4154d134d4754b2ad,10,mean_mlp,709,0.9583333333333334,0.9833333333333333,0.9947473659003832,0.033333333333333326,0.9333333333333333,0.6875,0.8833333333333333,1.0,120,3.131866455078125,1.0
bounded_validation,MOBIO,IoM-GRP,92543,random_key_pool_4,30,0.03333333333333333,92501,92507,13ae0044d1c563802de685cc757b2f28c59d60945c1ace426104c979da33d4c0,ffab5aae7750a254249970c4154d134d4754b2ad,10,mean_mlp,719,1.0,1.0,0.998448275862069,0.012859195402298828,0.9375,0.7833333333333333,1.0,1.0,112,3.1670033931732178,1.0
bounded_validation,FEI,IoM-GRP,92543,random_key_pool_4,40,0.025,92501,92507,8f18e9ced318a441dd2ed45e10fbfc0292d8ebe998500367a1ac99c8056c720b,ffab5aae7750a254249970c4154d134d4754b2ad,1,single_mlp,701,0.678125,0.946875,0.9689022435897435,0.09058493589743588,0.60625,0.24375,0.584375,0.771875,117,2.8057432174682617,1.0
bounded_validation,FEI,IoM-GRP,92543,random_key_pool_4,40,0.025,92501,92507,8f18e9ced318a441dd2ed45e10fbfc0292d8ebe998500367a1ac99c8056c720b,ffab5aae7750a254249970c4154d134d4754b2ad,1,single_mlp,709,0.66875,0.896875,0.9644108072916666,0.11330128205128207,0.628125,0.30625,0.575,0.759375,116,2.799330711364746,1.0
bounded_validation,FEI,IoM-GRP,92543,random_key_pool_4,40,0.025,92501,92507,8f18e9ced318a441dd2ed45e10fbfc0292d8ebe998500367a1ac99c8056c720b,ffab5aae7750a254249970c4154d134d4754b2ad,1,single_mlp,719,0.690625,0.903125,0.9648492588141026,0.10629006410256409,0.61875,0.328125,0.596875,0.775,117,2.8639955520629883,1.0
bounded_validation,FEI,IoM-GRP,92543,random_key_pool_4,40,0.025,92501,92507,8f18e9ced318a441dd2ed45e10fbfc0292d8ebe998500367a1ac99c8056c720b,ffab5aae7750a254249970c4154d134d4754b2ad,10,mean_mlp,701,0.95625,1.0,0.9986991686698717,0.015665064102564102,0.975,0.8125,0.8936718750000002,1.0,120,4.075651168823242,1.0
bounded_validation,FEI,IoM-GRP,92543,random_key_pool_4,40,0.025,92501,92507,8f18e9ced318a441dd2ed45e10fbfc0292d8ebe998500367a1ac99c8056c720b,ffab5aae7750a254249970c4154d134d4754b2ad,10,mean_mlp,709,0.9625,1.0,0.9989390524839743,0.012580128205128183,0.95,0.8625,0.9,1.0,116,4.065179347991943,1.0
bounded_validation,FEI,IoM-GRP,92543,random_key_pool_4,40,0.025,92501,92507,8f18e9ced318a441dd2ed45e10fbfc0292d8ebe998500367a1ac99c8056c720b,ffab5aae7750a254249970c4154d134d4754b2ad,10,mean_mlp,719,0.984375,1.0,0.9978728465544872,0.027724358974358952,0.921875,0.821875,0.95625,1.0,115,4.081308841705322,1.0
bounded_validation,MOBIO,PolyProtect,92531,random_key_pool_4,30,0.03333333333333333,92501,92507,5ad1faf00f19babc52c04036386b58ea46abdbabb0fcf1ec217589486e4833a6,ffab5aae7750a254249970c4154d134d4754b2ad,1,single_mlp,701,0.3375,0.7458333333333333,0.8707579022988505,0.21997126436781608,0.225,0.08333333333333333,0.24583333333333332,0.4375,87,0.6994831562042236,1.0
bounded_validation,MOBIO,PolyProtect,92531,random_key_pool_4,30,0.03333333333333333,92501,92507,5ad1faf00f19babc52c04036386b58ea46abdbabb0fcf1ec217589486e4833a6,ffab5aae7750a254249970c4154d134d4754b2ad,1,single_mlp,709,0.3625,0.7291666666666666,0.8583542863984676,0.21666666666666667,0.22083333333333333,0.04583333333333333,0.275,0.45,94,0.7344777584075928,1.0
bounded_validation,MOBIO,PolyProtect,92531,random_key_pool_4,30,0.03333333333333333,92501,92507,5ad1faf00f19babc52c04036386b58ea46abdbabb0fcf1ec217589486e4833a6,ffab5aae7750a254249970c4154d134d4754b2ad,1,single_mlp,719,0.35833333333333334,0.6916666666666667,0.8411907327586208,0.22916666666666663,0.23333333333333334,0.041666666666666664,0.2708333333333333,0.45,74,0.664832592010498,1.0
bounded_validation,MOBIO,PolyProtect,92531,random_key_pool_4,30,0.03333333333333333,92501,92507,5ad1faf00f19babc52c04036386b58ea46abdbabb0fcf1ec217589486e4833a6,ffab5aae7750a254249970c4154d134d4754b2ad,10,mean_mlp,701,0.7458333333333333,0.9458333333333333,0.9708961925287356,0.11192528735632186,0.7375,0.4166666666666667,0.5916666666666667,0.8792708333333328,120,0.8241562843322754,1.0
bounded_validation,MOBIO,PolyProtect,92531,random_key_pool_4,30,0.03333333333333333,92501,92507,5ad1faf00f19babc52c04036386b58ea46abdbabb0fcf1ec217589486e4833a6,ffab5aae7750a254249970c4154d134d4754b2ad,10,mean_mlp,709,0.7875,0.9541666666666667,0.9826005747126436,0.07923850574712646,0.7333333333333333,0.375,0.6498958333333336,0.9041666666666667,120,0.8038842678070068,1.0
bounded_validation,MOBIO,PolyProtect,92531,random_key_pool_4,30,0.03333333333333333,92501,92507,5ad1faf00f19babc52c04036386b58ea46abdbabb0fcf1ec217589486e4833a6,ffab5aae7750a254249970c4154d134d4754b2ad,10,mean_mlp,719,0.7166666666666667,0.925,0.9607177921455938,0.09116379310344827,0.5708333333333333,0.3125,0.5666666666666667,0.8541666666666666,120,0.7638399600982666,1.0
bounded_validation,FEI,PolyProtect,92531,random_key_pool_4,40,0.025,92501,92507,7b933202416339a867dad1f42567b543b26a6f584ce1713a15b4a626df15c17d,ffab5aae7750a254249970c4154d134d4754b2ad,1,single_mlp,701,0.50625,0.7875,0.9122881610576924,0.17411858974358976,0.4625,0.171875,0.4,0.6157031249999996,80,0.8087434768676758,1.0
bounded_validation,FEI,PolyProtect,92531,random_key_pool_4,40,0.025,92501,92507,7b933202416339a867dad1f42567b543b26a6f584ce1713a15b4a626df15c17d,ffab5aae7750a254249970c4154d134d4754b2ad,1,single_mlp,709,0.484375,0.83125,0.9344729066506411,0.140625,0.36875,0.109375,0.3875,0.5844531249999996,75,0.8137562274932861,1.0
bounded_validation,FEI,PolyProtect,92531,random_key_pool_4,40,0.025,92501,92507,7b933202416339a867dad1f42567b543b26a6f584ce1713a15b4a626df15c17d,ffab5aae7750a254249970c4154d134d4754b2ad,1,single_mlp,719,0.575,0.825,0.9241378705929488,0.15312499999999998,0.503125,0.228125,0.484375,0.65625,70,0.7326855659484863,1.0
bounded_validation,FEI,PolyProtect,92531,random_key_pool_4,40,0.025,92501,92507,7b933202416339a867dad1f42567b543b26a6f584ce1713a15b4a626df15c17d,ffab5aae7750a254249970c4154d134d4754b2ad,10,mean_mlp,701,0.865625,0.971875,0.9819546274038461,0.035536858974359,0.8125,0.6,0.75625,0.953125,120,0.9625763893127441,1.0
bounded_validation,FEI,PolyProtect,92531,random_key_pool_4,40,0.025,92501,92507,7b933202416339a867dad1f42567b543b26a6f584ce1713a15b4a626df15c17d,ffab5aae7750a254249970c4154d134d4754b2ad,10,mean_mlp,709,0.878125,0.984375,0.9912479967948717,0.056971153846153824,0.86875,0.759375,0.778125,0.96875,120,0.976355791091919,1.0
bounded_validation,FEI,PolyProtect,92531,random_key_pool_4,40,0.025,92501,92507,7b933202416339a867dad1f42567b543b26a6f584ce1713a15b4a626df15c17d,ffab5aae7750a254249970c4154d134d4754b2ad,10,mean_mlp,719,0.825,0.971875,0.98515625,0.057051282051282064,0.809375,0.684375,0.6998437500000002,0.925,120,0.9669532775878906,1.0
bounded_validation,MOBIO,PolyProtect,92543,random_key_pool_4,30,0.03333333333333333,92501,92507,4f2842224a88e03a942f459ae8172600a971a1027cd17e0778e8727e0224cc3d,ffab5aae7750a254249970c4154d134d4754b2ad,1,single_mlp,701,0.35833333333333334,0.65,0.8643767959770114,0.22579022988505748,0.24583333333333332,0.058333333333333334,0.2540625000000002,0.4583333333333333,68,0.5878379344940186,1.0
bounded_validation,MOBIO,PolyProtect,92543,random_key_pool_4,30,0.03333333333333333,92501,92507,4f2842224a88e03a942f459ae8172600a971a1027cd17e0778e8727e0224cc3d,ffab5aae7750a254249970c4154d134d4754b2ad,1,single_mlp,709,0.38333333333333336,0.7208333333333333,0.8692037835249042,0.22004310344827588,0.25416666666666665,0.09166666666666666,0.29583333333333334,0.4791666666666667,71,0.5994765758514404,1.0
bounded_validation,MOBIO,PolyProtect,92543,random_key_pool_4,30,0.03333333333333333,92501,92507,4f2842224a88e03a942f459ae8172600a971a1027cd17e0778e8727e0224cc3d,ffab5aae7750a254249970c4154d134d4754b2ad,1,single_mlp,719,0.325,0.7291666666666666,0.8715834530651341,0.2144396551724138,0.1875,0.016666666666666666,0.23333333333333334,0.42083333333333334,87,0.7000067234039307,1.0
bounded_validation,MOBIO,PolyProtect,92543,random_key_pool_4,30,0.03333333333333333,92501,92507,4f2842224a88e03a942f459ae8172600a971a1027cd17e0778e8727e0224cc3d,ffab5aae7750a254249970c4154d134d4754b2ad,10,mean_mlp,701,0.8208333333333333,0.975,0.9833818247126437,0.07521551724137929,0.7333333333333333,0.24166666666666667,0.6958333333333333,0.9333333333333333,120,0.7596511840820312,1.0
bounded_validation,MOBIO,PolyProtect,92543,random_key_pool_4,30,0.03333333333333333,92501,92507,4f2842224a88e03a942f459ae8172600a971a1027cd17e0778e8727e0224cc3d,ffab5aae7750a254249970c4154d134d4754b2ad,10,mean_mlp,709,0.7708333333333334,0.9875,0.9812422174329503,0.07873563218390807,0.6625,0.4666666666666667,0.6332291666666668,0.8876041666666661,120,0.771477222442627,1.0
bounded_validation,MOBIO,PolyProtect,92543,random_key_pool_4,30,0.03333333333333333,92501,92507,4f2842224a88e03a942f459ae8172600a971a1027cd17e0778e8727e0224cc3d,ffab5aae7750a254249970c4154d134d4754b2ad,10,mean_mlp,719,0.7375,0.9541666666666667,0.9779465996168584,0.08793103448275863,0.65,0.17083333333333334,0.5875,0.8666666666666667,120,0.7746181488037109,1.0
bounded_validation,FEI,PolyProtect,92543,random_key_pool_4,40,0.025,92501,92507,79d1cfcac8075914c67cb3448595e29dd3a18107984040f04be4ba3896961609,ffab5aae7750a254249970c4154d134d4754b2ad,1,single_mlp,701,0.465625,0.734375,0.9000771233974358,0.18133012820512823,0.403125,0.140625,0.378125,0.559375,72,0.737471342086792,1.0
bounded_validation,FEI,PolyProtect,92543,random_key_pool_4,40,0.025,92501,92507,79d1cfcac8075914c67cb3448595e29dd3a18107984040f04be4ba3896961609,ffab5aae7750a254249970c4154d134d4754b2ad,1,single_mlp,709,0.440625,0.78125,0.912422125400641,0.15576923076923077,0.33125,0.115625,0.35,0.53125,74,0.7741613388061523,1.0
bounded_validation,FEI,PolyProtect,92543,random_key_pool_4,40,0.025,92501,92507,79d1cfcac8075914c67cb3448595e29dd3a18107984040f04be4ba3896961609,ffab5aae7750a254249970c4154d134d4754b2ad,1,single_mlp,719,0.484375,0.80625,0.9196764823717948,0.1655849358974359,0.384375,0.109375,0.38742187500000014,0.578125,74,0.7863748073577881,1.0
bounded_validation,FEI,PolyProtect,92543,random_key_pool_4,40,0.025,92501,92507,79d1cfcac8075914c67cb3448595e29dd3a18107984040f04be4ba3896961609,ffab5aae7750a254249970c4154d134d4754b2ad,10,mean_mlp,701,0.896875,1.0,0.9947398337339743,0.0277644230769231,0.884375,0.503125,0.8125,0.96875,120,0.9650461673736572,1.0
bounded_validation,FEI,PolyProtect,92543,random_key_pool_4,40,0.025,92501,92507,79d1cfcac8075914c67cb3448595e29dd3a18107984040f04be4ba3896961609,ffab5aae7750a254249970c4154d134d4754b2ad,10,mean_mlp,709,0.8625,0.98125,0.9927811999198718,0.03485576923076925,0.871875,0.603125,0.75625,0.946875,120,0.969855546951294,1.0
bounded_validation,FEI,PolyProtect,92543,random_key_pool_4,40,0.025,92501,92507,79d1cfcac8075914c67cb3448595e29dd3a18107984040f04be4ba3896961609,ffab5aae7750a254249970c4154d134d4754b2ad,10,mean_mlp,719,0.871875,0.975,0.988750500801282,0.044350961538461534,0.825,0.528125,0.75,0.971875,120,0.972435712814331,1.0
bounded_validation,MOBIO,IoM-GRP,92531,independent_unseen_keys,30,0.03333333333333333,92501,92507,52035220079d420d004dab8e2aef9dc84d7a0d060173e334dd4547fb9f86a744,ffab5aae7750a254249970c4154d134d4754b2ad,1,single_mlp,701,0.025,0.15833333333333333,0.5024970067049809,0.5,0.004166666666666667,0.0,0.0,0.0625,4,0.6238400936126709,1.0
bounded_validation,MOBIO,IoM-GRP,92531,independent_unseen_keys,30,0.03333333333333333,92501,92507,52035220079d420d004dab8e2aef9dc84d7a0d060173e334dd4547fb9f86a744,ffab5aae7750a254249970c4154d134d4754b2ad,1,single_mlp,709,0.020833333333333332,0.15833333333333333,0.518860153256705,0.48757183908045976,0.008333333333333333,0.0,0.0,0.0625,3,0.625767707824707,1.0
bounded_validation,MOBIO,IoM-GRP,92531,independent_unseen_keys,30,0.03333333333333333,92501,92507,52035220079d420d004dab8e2aef9dc84d7a0d060173e334dd4547fb9f86a744,ffab5aae7750a254249970c4154d134d4754b2ad,1,single_mlp,719,0.03333333333333333,0.14583333333333334,0.4954058908045977,0.5000718390804597,0.025,0.0,0.0,0.0875,4,0.629493236541748,1.0
bounded_validation,MOBIO,IoM-GRP,92531,independent_unseen_keys,30,0.03333333333333333,92501,92507,52035220079d420d004dab8e2aef9dc84d7a0d060173e334dd4547fb9f86a744,ffab5aae7750a254249970c4154d134d4754b2ad,10,mean_mlp,701,0.03333333333333333,0.1375,0.4908423132183908,0.5000718390804597,0.029166666666666667,0.0,0.0,0.1,6,1.0796852111816406,1.0
bounded_validation,MOBIO,IoM-GRP,92531,independent_unseen_keys,30,0.03333333333333333,92501,92507,52035220079d420d004dab8e2aef9dc84d7a0d060173e334dd4547fb9f86a744,ffab5aae7750a254249970c4154d134d4754b2ad,10,mean_mlp,709,0.03333333333333333,0.175,0.5077352729885057,0.4866379310344828,0.0,0.0,0.0,0.1,7,0.9710006713867188,1.0
bounded_validation,MOBIO,IoM-GRP,92531,independent_unseen_keys,30,0.03333333333333333,92501,92507,52035220079d420d004dab8e2aef9dc84d7a0d060173e334dd4547fb9f86a744,ffab5aae7750a254249970c4154d134d4754b2ad,10,mean_mlp,719,0.03333333333333333,0.13333333333333333,0.4903579980842912,0.5137931034482759,0.004166666666666667,0.0,0.0,0.1,7,0.9763832092285156,1.0
bounded_validation,FEI,IoM-GRP,92531,independent_unseen_keys,40,0.025,92501,92507,f3a11e94f1185be85ff2c8f3fcbafe1a0a55cc5cef71e1fcdda2470279bc145e,ffab5aae7750a254249970c4154d134d4754b2ad,1,single_mlp,701,0.025,0.146875,0.49704226762820514,0.5132612179487179,0.015625,0.0,0.0,0.06875,5,0.8170955181121826,1.0
bounded_validation,FEI,IoM-GRP,92531,independent_unseen_keys,40,0.025,92501,92507,f3a11e94f1185be85ff2c8f3fcbafe1a0a55cc5cef71e1fcdda2470279bc145e,ffab5aae7750a254249970c4154d134d4754b2ad,1,single_mlp,709,0.015625,0.134375,0.5020294971955128,0.5094951923076922,0.0125,0.0,0.0,0.046875,5,0.8454623222351074,1.0
bounded_validation,FEI,IoM-GRP,92531,independent_unseen_keys,40,0.025,92501,92507,f3a11e94f1185be85ff2c8f3fcbafe1a0a55cc5cef71e1fcdda2470279bc145e,ffab5aae7750a254249970c4154d134d4754b2ad,1,single_mlp,719,0.021875,0.140625,0.49688151041666667,0.5017628205128205,0.0125,0.0,0.0,0.05625,5,0.812415599822998,1.0
bounded_validation,FEI,IoM-GRP,92531,independent_unseen_keys,40,0.025,92501,92507,f3a11e94f1185be85ff2c8f3fcbafe1a0a55cc5cef71e1fcdda2470279bc145e,ffab5aae7750a254249970c4154d134d4754b2ad,10,mean_mlp,701,0.025,0.109375,0.49751051682692315,0.512099358974359,0.0,0.0,0.0,0.075,9,1.324300765991211,1.0
bounded_validation,FEI,IoM-GRP,92531,independent_unseen_keys,40,0.025,92501,92507,f3a11e94f1185be85ff2c8f3fcbafe1a0a55cc5cef71e1fcdda2470279bc145e,ffab5aae7750a254249970c4154d134d4754b2ad,10,mean_mlp,709,0.028125,0.084375,0.5005098157051282,0.5126201923076923,0.0,0.0,0.0,0.08125,9,1.3082365989685059,1.0
bounded_validation,FEI,IoM-GRP,92531,independent_unseen_keys,40,0.025,92501,92507,f3a11e94f1185be85ff2c8f3fcbafe1a0a55cc5cef71e1fcdda2470279bc145e,ffab5aae7750a254249970c4154d134d4754b2ad,10,mean_mlp,719,0.025,0.1,0.49988131009615383,0.4999599358974359,0.00625,0.0,0.0,0.075,9,1.2911603450775146,1.0
bounded_validation,MOBIO,IoM-GRP,92543,independent_unseen_keys,30,0.03333333333333333,92501,92507,5932dc2c018049e2bc5f79bd7e6b2768ac7a7ac439b5f80ec149e040b535d3f3,ffab5aae7750a254249970c4154d134d4754b2ad,1,single_mlp,701,0.0375,0.19166666666666668,0.5083147749042146,0.5123563218390804,0.004166666666666667,0.0,0.004166666666666667,0.0875,4,0.6315174102783203,1.0
bounded_validation,MOBIO,IoM-GRP,92543,independent_unseen_keys,30,0.03333333333333333,92501,92507,5932dc2c018049e2bc5f79bd7e6b2768ac7a7ac439b5f80ec149e040b535d3f3,ffab5aae7750a254249970c4154d134d4754b2ad,1,single_mlp,709,0.016666666666666666,0.17083333333333334,0.49332136015325667,0.5040948275862069,0.0,0.0,0.0,0.04583333333333333,3,0.6081116199493408,1.0
bounded_validation,MOBIO,IoM-GRP,92543,independent_unseen_keys,30,0.03333333333333333,92501,92507,5932dc2c018049e2bc5f79bd7e6b2768ac7a7ac439b5f80ec149e040b535d3f3,ffab5aae7750a254249970c4154d134d4754b2ad,1,single_mlp,719,0.0125,0.16666666666666666,0.49410021551724137,0.4959051724137931,0.0,0.0,0.0,0.0375,4,0.6107661724090576,1.0
bounded_validation,MOBIO,IoM-GRP,92543,independent_unseen_keys,30,0.03333333333333333,92501,92507,5932dc2c018049e2bc5f79bd7e6b2768ac7a7ac439b5f80ec149e040b535d3f3,ffab5aae7750a254249970c4154d134d4754b2ad,10,mean_mlp,701,0.05,0.19166666666666668,0.5134261254789272,0.4749281609195402,0.0,0.0,0.0,0.12916666666666668,6,0.929865837097168,1.0
bounded_validation,MOBIO,IoM-GRP,92543,independent_unseen_keys,30,0.03333333333333333,92501,92507,5932dc2c018049e2bc5f79bd7e6b2768ac7a7ac439b5f80ec149e040b535d3f3,ffab5aae7750a254249970c4154d134d4754b2ad,10,mean_mlp,709,0.03333333333333333,0.16666666666666666,0.4931435584291188,0.5374281609195402,0.0,0.0,0.0,0.1,6,0.930823802947998,1.0
bounded_validation,MOBIO,IoM-GRP,92543,independent_unseen_keys,30,0.03333333333333333,92501,92507,5932dc2c018049e2bc5f79bd7e6b2768ac7a7ac439b5f80ec149e040b535d3f3,ffab5aae7750a254249970c4154d134d4754b2ad,10,mean_mlp,719,0.03333333333333333,0.16666666666666666,0.4912110871647509,0.5047413793103448,0.0,0.0,0.0,0.1,7,0.9477519989013672,1.0
bounded_validation,FEI,IoM-GRP,92543,independent_unseen_keys,40,0.025,92501,92507,703a6e0157a89fc8df1b87796dd645a0c3337677e7a88a0b7d86a4b6941ae29c,ffab5aae7750a254249970c4154d134d4754b2ad,1,single_mlp,701,0.040625,0.1125,0.4970570412660256,0.5094150641025641,0.025,0.0,0.003125,0.09375,4,0.7686166763305664,1.0
bounded_validation,FEI,IoM-GRP,92543,independent_unseen_keys,40,0.025,92501,92507,703a6e0157a89fc8df1b87796dd645a0c3337677e7a88a0b7d86a4b6941ae29c,ffab5aae7750a254249970c4154d134d4754b2ad,1,single_mlp,709,0.0375,0.13125,0.5000793770032051,0.5056490384615384,0.009375,0.0,0.0,0.09375,5,0.8061566352844238,1.0
bounded_validation,FEI,IoM-GRP,92543,independent_unseen_keys,40,0.025,92501,92507,703a6e0157a89fc8df1b87796dd645a0c3337677e7a88a0b7d86a4b6941ae29c,ffab5aae7750a254249970c4154d134d4754b2ad,1,single_mlp,719,0.028125,0.125,0.5052709334935898,0.47824519230769236,0.015625,0.009375,0.003125,0.059375,6,0.8481128215789795,1.0
bounded_validation,FEI,IoM-GRP,92543,independent_unseen_keys,40,0.025,92501,92507,703a6e0157a89fc8df1b87796dd645a0c3337677e7a88a0b7d86a4b6941ae29c,ffab5aae7750a254249970c4154d134d4754b2ad,10,mean_mlp,701,0.025,0.125,0.5025731169871794,0.4999599358974359,0.025,0.021875,0.0,0.075,8,1.2808434963226318,1.0
bounded_validation,FEI,IoM-GRP,92543,independent_unseen_keys,40,0.025,92501,92507,703a6e0157a89fc8df1b87796dd645a0c3337677e7a88a0b7d86a4b6941ae29c,ffab5aae7750a254249970c4154d134d4754b2ad,10,mean_mlp,709,0.025,0.15625,0.5062923177083334,0.4999599358974359,0.003125,0.0,0.0,0.075,8,1.3619379997253418,1.0
bounded_validation,FEI,IoM-GRP,92543,independent_unseen_keys,40,0.025,92501,92507,703a6e0157a89fc8df1b87796dd645a0c3337677e7a88a0b7d86a4b6941ae29c,ffab5aae7750a254249970c4154d134d4754b2ad,10,mean_mlp,719,0.025,0.115625,0.5021960136217949,0.4999198717948718,0.0125,0.0,0.0,0.075,8,1.3249762058258057,1.0
bounded_validation,MOBIO,PolyProtect,92531,independent_unseen_keys,30,0.03333333333333333,92501,92507,8971368daa6cdf806102875cb641b0b8950700cf1a4d3e4463f417279fe30dd1,ffab5aae7750a254249970c4154d134d4754b2ad,1,single_mlp,701,0.029166666666666667,0.175,0.5079382183908046,0.4913793103448276,0.004166666666666667,0.0,0.0,0.07083333333333333,14,0.25539326667785645,1.0
bounded_validation,MOBIO,PolyProtect,92531,independent_unseen_keys,30,0.03333333333333333,92501,92507,8971368daa6cdf806102875cb641b0b8950700cf1a4d3e4463f417279fe30dd1,ffab5aae7750a254249970c4154d134d4754b2ad,1,single_mlp,709,0.05,0.17916666666666667,0.5103454262452107,0.49547413793103445,0.016666666666666666,0.0,0.0,0.125,15,0.2522146701812744,1.0
bounded_validation,MOBIO,PolyProtect,92531,independent_unseen_keys,30,0.03333333333333333,92501,92507,8971368daa6cdf806102875cb641b0b8950700cf1a4d3e4463f417279fe30dd1,ffab5aae7750a254249970c4154d134d4754b2ad,1,single_mlp,719,0.029166666666666667,0.17916666666666667,0.5077376676245211,0.5122126436781609,0.0125,0.0,0.0,0.07083333333333333,15,0.26499152183532715,1.0
bounded_validation,MOBIO,PolyProtect,92531,independent_unseen_keys,30,0.03333333333333333,92501,92507,8971368daa6cdf806102875cb641b0b8950700cf1a4d3e4463f417279fe30dd1,ffab5aae7750a254249970c4154d134d4754b2ad,10,mean_mlp,701,0.004166666666666667,0.1375,0.5024730603448276,0.4869971264367816,0.0,0.0,0.0,0.0125,11,0.2557651996612549,1.0
bounded_validation,MOBIO,PolyProtect,92531,independent_unseen_keys,30,0.03333333333333333,92501,92507,8971368daa6cdf806102875cb641b0b8950700cf1a4d3e4463f417279fe30dd1,ffab5aae7750a254249970c4154d134d4754b2ad,10,mean_mlp,709,0.05,0.20416666666666666,0.5001382902298851,0.5318965517241379,0.004166666666666667,0.0,0.0,0.12916666666666668,11,0.2504081726074219,1.0
bounded_validation,MOBIO,PolyProtect,92531,independent_unseen_keys,30,0.03333333333333333,92501,92507,8971368daa6cdf806102875cb641b0b8950700cf1a4d3e4463f417279fe30dd1,ffab5aae7750a254249970c4154d134d4754b2ad,10,mean_mlp,719,0.03333333333333333,0.13333333333333333,0.5109512691570882,0.5038793103448276,0.0,0.0,0.0,0.1,11,0.25180959701538086,1.0
bounded_validation,FEI,PolyProtect,92531,independent_unseen_keys,40,0.025,92501,92507,3125d2fee97aa94b6acbddb76a1ed04255fb29df6639490bc0631f054c8e6f56,ffab5aae7750a254249970c4154d134d4754b2ad,1,single_mlp,701,0.028125,0.121875,0.5093737479967948,0.49655448717948714,0.0,0.0,0.0,0.078125,18,0.3440864086151123,1.0
bounded_validation,FEI,PolyProtect,92531,independent_unseen_keys,40,0.025,92501,92507,3125d2fee97aa94b6acbddb76a1ed04255fb29df6639490bc0631f054c8e6f56,ffab5aae7750a254249970c4154d134d4754b2ad,1,single_mlp,709,0.025,0.153125,0.500253655849359,0.506290064102564,0.00625,0.0,0.0,0.075,19,0.35599470138549805,1.0
bounded_validation,FEI,PolyProtect,92531,independent_unseen_keys,40,0.025,92501,92507,3125d2fee97aa94b6acbddb76a1ed04255fb29df6639490bc0631f054c8e6f56,ffab5aae7750a254249970c4154d134d4754b2ad,1,single_mlp,719,0.0125,0.096875,0.49226312099358976,0.5060897435897436,0.003125,0.0,0.0,0.034375,17,0.34073758125305176,1.0
bounded_validation,FEI,PolyProtect,92531,independent_unseen_keys,40,0.025,92501,92507,3125d2fee97aa94b6acbddb76a1ed04255fb29df6639490bc0631f054c8e6f56,ffab5aae7750a254249970c4154d134d4754b2ad,10,mean_mlp,701,0.025,0.08125,0.5080789262820513,0.48225160256410254,0.009375,0.0,0.0,0.075,13,0.3483405113220215,1.0
bounded_validation,FEI,PolyProtect,92531,independent_unseen_keys,40,0.025,92501,92507,3125d2fee97aa94b6acbddb76a1ed04255fb29df6639490bc0631f054c8e6f56,ffab5aae7750a254249970c4154d134d4754b2ad,10,mean_mlp,709,0.00625,0.103125,0.4759269831730769,0.5155849358974358,0.0,0.0,0.0,0.01875,13,0.33268117904663086,1.0
bounded_validation,FEI,PolyProtect,92531,independent_unseen_keys,40,0.025,92501,92507,3125d2fee97aa94b6acbddb76a1ed04255fb29df6639490bc0631f054c8e6f56,ffab5aae7750a254249970c4154d134d4754b2ad,10,mean_mlp,719,0.025,0.09375,0.49762620192307694,0.5068509615384615,0.00625,0.0,0.0,0.075,12,0.33145952224731445,1.0
bounded_validation,MOBIO,PolyProtect,92543,independent_unseen_keys,30,0.03333333333333333,92501,92507,6a2fc5bf100e4a00fb65544c4a216620ade1196f64dc2c3a6bf2ba6abd26531d,ffab5aae7750a254249970c4154d134d4754b2ad,1,single_mlp,701,0.025,0.13333333333333333,0.4942600574712644,0.4989224137931034,0.004166666666666667,0.0,0.0,0.06666666666666667,14,0.2587249279022217,1.0
bounded_validation,MOBIO,PolyProtect,92543,independent_unseen_keys,30,0.03333333333333333,92501,92507,6a2fc5bf100e4a00fb65544c4a216620ade1196f64dc2c3a6bf2ba6abd26531d,ffab5aae7750a254249970c4154d134d4754b2ad,1,single_mlp,709,0.025,0.16666666666666666,0.5075586685823754,0.49173850574712646,0.008333333333333333,0.0,0.0,0.075,14,0.2605855464935303,1.0
bounded_validation,MOBIO,PolyProtect,92543,independent_unseen_keys,30,0.03333333333333333,92501,92507,6a2fc5bf100e4a00fb65544c4a216620ade1196f64dc2c3a6bf2ba6abd26531d,ffab5aae7750a254249970c4154d134d4754b2ad,1,single_mlp,719,0.03333333333333333,0.16666666666666666,0.4917432950191571,0.49992816091954023,0.008333333333333333,0.004166666666666667,0.0,0.0875,14,0.25282835960388184,1.0
bounded_validation,MOBIO,PolyProtect,92543,independent_unseen_keys,30,0.03333333333333333,92501,92507,6a2fc5bf100e4a00fb65544c4a216620ade1196f64dc2c3a6bf2ba6abd26531d,ffab5aae7750a254249970c4154d134d4754b2ad,10,mean_mlp,701,0.06666666666666667,0.20416666666666666,0.5159949712643678,0.4613505747126437,0.0,0.0,0.0,0.15,10,0.24896931648254395,1.0
bounded_validation,MOBIO,PolyProtect,92543,independent_unseen_keys,30,0.03333333333333333,92501,92507,6a2fc5bf100e4a00fb65544c4a216620ade1196f64dc2c3a6bf2ba6abd26531d,ffab5aae7750a254249970c4154d134d4754b2ad,10,mean_mlp,709,0.03333333333333333,0.1625,0.5141900143678161,0.47801724137931034,0.0,0.0,0.0,0.1,11,0.26534175872802734,1.0
bounded_validation,MOBIO,PolyProtect,92543,independent_unseen_keys,30,0.03333333333333333,92501,92507,6a2fc5bf100e4a00fb65544c4a216620ade1196f64dc2c3a6bf2ba6abd26531d,ffab5aae7750a254249970c4154d134d4754b2ad,10,mean_mlp,719,0.06666666666666667,0.23333333333333334,0.5247443726053639,0.4864224137931034,0.05,0.016666666666666666,0.0,0.16666666666666666,11,0.24611496925354004,1.0
bounded_validation,FEI,PolyProtect,92543,independent_unseen_keys,40,0.025,92501,92507,aacccc8e4e8252103bb8d831f6b290f2b3aebcdf8d8dae723d30ab765231ca4d,ffab5aae7750a254249970c4154d134d4754b2ad,1,single_mlp,701,0.03125,0.134375,0.49358173076923073,0.515625,0.0,0.0,0.0,0.078125,19,0.35091352462768555,1.0
bounded_validation,FEI,PolyProtect,92543,independent_unseen_keys,40,0.025,92501,92507,aacccc8e4e8252103bb8d831f6b290f2b3aebcdf8d8dae723d30ab765231ca4d,ffab5aae7750a254249970c4154d134d4754b2ad,1,single_mlp,709,0.01875,0.125,0.5031628104967949,0.503125,0.0125,0.0,0.0,0.046875,19,0.3493461608886719,1.0
bounded_validation,FEI,PolyProtect,92543,independent_unseen_keys,40,0.025,92501,92507,aacccc8e4e8252103bb8d831f6b290f2b3aebcdf8d8dae723d30ab765231ca4d,ffab5aae7750a254249970c4154d134d4754b2ad,1,single_mlp,719,0.021875,0.153125,0.4960970052083333,0.509375,0.0,0.0,0.0,0.0625,17,0.3345909118652344,1.0
bounded_validation,FEI,PolyProtect,92543,independent_unseen_keys,40,0.025,92501,92507,aacccc8e4e8252103bb8d831f6b290f2b3aebcdf8d8dae723d30ab765231ca4d,ffab5aae7750a254249970c4154d134d4754b2ad,10,mean_mlp,701,0.00625,0.140625,0.4929479667467949,0.48786057692307694,0.0,0.0,0.0,0.015625,13,0.3447692394256592,1.0
bounded_validation,FEI,PolyProtect,92543,independent_unseen_keys,40,0.025,92501,92507,aacccc8e4e8252103bb8d831f6b290f2b3aebcdf8d8dae723d30ab765231ca4d,ffab5aae7750a254249970c4154d134d4754b2ad,10,mean_mlp,709,0.028125,0.128125,0.5122473457532051,0.5098958333333333,0.040625,0.0,0.0,0.071875,13,0.3339715003967285,1.0
bounded_validation,FEI,PolyProtect,92543,independent_unseen_keys,40,0.025,92501,92507,aacccc8e4e8252103bb8d831f6b290f2b3aebcdf8d8dae723d30ab765231ca4d,ffab5aae7750a254249970c4154d134d4754b2ad,10,mean_mlp,719,0.03125,0.153125,0.5043737479967949,0.5060096153846154,0.0,0.0,0.0,0.0875,12,0.32261061668395996,1.0
