stage,dataset,scheme,condition,test_identities,chance,key_seed,set_seed,config_sha256,git_commit,exposures,model,seed,top1,top5,auroc,eer,tar_at_far_1e-2,tar_at_far_1e-3,lower95,upper95,best_epoch,elapsed_seconds,oracle_top1
pilot,SCface,IoM-GRP,random_key_pool_1,26,0.038461538461538464,91817,91819,58b01f364399a6c22253f4783b0b79df46d2b55847a32d12837c3e4638d77dad,69a93e4cbd35211d78d38da5331f55832256152e,1,single_mlp,509,0.6105769230769231,0.8461538461538461,0.8972568417159764,0.18240384615384617,0.5192307692307693,0.375,0.5,0.7163461538461539,118,4.387535095214844,0.8509615384615384
pilot,SCface,IoM-GRP,random_key_pool_1,26,0.038461538461538464,91817,91819,58b01f364399a6c22253f4783b0b79df46d2b55847a32d12837c3e4638d77dad,69a93e4cbd35211d78d38da5331f55832256152e,10,mean_mlp,509,0.9038461538461539,0.9326923076923077,0.9660059171597634,0.06817307692307689,0.8557692307692307,0.5817307692307693,0.7931490384615386,0.9903846153846154,117,1.2925994396209717,0.9230769230769231
pilot,SCface,IoM-GRP,random_key_pool_1,26,0.038461538461538464,91817,91819,58b01f364399a6c22253f4783b0b79df46d2b55847a32d12837c3e4638d77dad,69a93e4cbd35211d78d38da5331f55832256152e,10,deepsets,509,0.7836538461538461,0.9086538461538461,0.9571458949704141,0.1421153846153846,0.7259615384615384,0.4855769230769231,0.6394230769230769,0.9134615384615384,91,2.252988576889038,0.9230769230769231
pilot,SCface,PolyProtect,random_key_pool_1,26,0.038461538461538464,91817,91819,d679d082e7028031d01768da548328b24e3ae9b4b8c0f9fe41f67dfe50485c4e,69a93e4cbd35211d78d38da5331f55832256152e,1,single_mlp,509,0.6778846153846154,0.8461538461538461,0.9130833949704142,0.16384615384615384,0.5769230769230769,0.3942307692307692,0.5432692307692307,0.7885817307692301,120,0.7818689346313477,0.8509615384615384
pilot,SCface,PolyProtect,random_key_pool_1,26,0.038461538461538464,91817,91819,d679d082e7028031d01768da548328b24e3ae9b4b8c0f9fe41f67dfe50485c4e,69a93e4cbd35211d78d38da5331f55832256152e,10,mean_mlp,509,0.8221153846153846,0.9519230769230769,0.9681407174556212,0.09240384615384616,0.7548076923076923,0.5817307692307693,0.6826923076923077,0.9423076923076923,120,0.7911005020141602,0.9230769230769231
pilot,SCface,PolyProtect,random_key_pool_1,26,0.038461538461538464,91817,91819,d679d082e7028031d01768da548328b24e3ae9b4b8c0f9fe41f67dfe50485c4e,69a93e4cbd35211d78d38da5331f55832256152e,10,deepsets,509,0.7884615384615384,0.9230769230769231,0.9528420857988166,0.11471153846153849,0.7211538461538461,0.4855769230769231,0.6442307692307693,0.9182692307692307,120,0.898845911026001,0.9230769230769231
pilot,SCface,IoM-GRP,independent_unseen_keys,26,0.038461538461538464,91817,91819,1b172b0d7ffcc7989a353a48d3c5fb4c2cd348a8b931d7cc2ea1e8093de5e106,69a93e4cbd35211d78d38da5331f55832256152e,1,single_mlp,509,0.052884615384615384,0.1971153846153846,0.5089145710059172,0.49509615384615385,0.004807692307692308,0.0,0.004807692307692308,0.1346153846153846,6,0.3759732246398926,0.8509615384615384
pilot,SCface,IoM-GRP,independent_unseen_keys,26,0.038461538461538464,91817,91819,1b172b0d7ffcc7989a353a48d3c5fb4c2cd348a8b931d7cc2ea1e8093de5e106,69a93e4cbd35211d78d38da5331f55832256152e,10,mean_mlp,509,0.038461538461538464,0.19230769230769232,0.5019739275147929,0.49951923076923077,0.028846153846153848,0.004807692307692308,0.0,0.11538461538461539,21,0.36998558044433594,0.9230769230769231
pilot,SCface,IoM-GRP,independent_unseen_keys,26,0.038461538461538464,91817,91819,1b172b0d7ffcc7989a353a48d3c5fb4c2cd348a8b931d7cc2ea1e8093de5e106,69a93e4cbd35211d78d38da5331f55832256152e,10,deepsets,509,0.038461538461538464,0.19230769230769232,0.5001664201183432,0.5070192307692307,0.004807692307692308,0.0,0.0,0.11538461538461539,41,2.2312698364257812,0.9230769230769231
pilot,SCface,PolyProtect,independent_unseen_keys,26,0.038461538461538464,91817,91819,e55f288ff0b85e7b69f9c773f6d32c69d79b1381be14ad95d15f94d1b241f6b9,69a93e4cbd35211d78d38da5331f55832256152e,1,single_mlp,509,0.038461538461538464,0.24519230769230768,0.5053920118343196,0.5046153846153847,0.02403846153846154,0.009615384615384616,0.0,0.09134615384615384,21,0.3234677314758301,0.8509615384615384
pilot,SCface,PolyProtect,independent_unseen_keys,26,0.038461538461538464,91817,91819,e55f288ff0b85e7b69f9c773f6d32c69d79b1381be14ad95d15f94d1b241f6b9,69a93e4cbd35211d78d38da5331f55832256152e,10,mean_mlp,509,0.03365384615384615,0.22596153846153846,0.5140893121301775,0.4726923076923077,0.0,0.0,0.0,0.08653846153846154,21,0.3373558521270752,0.9230769230769231
pilot,SCface,PolyProtect,independent_unseen_keys,26,0.038461538461538464,91817,91819,e55f288ff0b85e7b69f9c773f6d32c69d79b1381be14ad95d15f94d1b241f6b9,69a93e4cbd35211d78d38da5331f55832256152e,10,deepsets,509,0.04326923076923077,0.19230769230769232,0.5081897189349113,0.47115384615384615,0.028846153846153848,0.0,0.0,0.11538461538461539,40,0.5788533687591553,0.9230769230769231
pilot,SCface,IoM-GRP,random_key_pool_4,26,0.038461538461538464,91817,91819,7affe6ca35dde136d9b0bf9b1f1dd20d6bba85e7c6677c8043e20bea72efc0f3,69a93e4cbd35211d78d38da5331f55832256152e,1,single_mlp,509,0.28365384615384615,0.6442307692307693,0.791244452662722,0.2649038461538461,0.22115384615384615,0.0673076923076923,0.19230769230769232,0.3894230769230769,113,0.6996076107025146,0.8509615384615384
pilot,SCface,IoM-GRP,random_key_pool_4,26,0.038461538461538464,91817,91819,7affe6ca35dde136d9b0bf9b1f1dd20d6bba85e7c6677c8043e20bea72efc0f3,69a93e4cbd35211d78d38da5331f55832256152e,10,mean_mlp,509,0.6298076923076923,0.8894230769230769,0.9474343565088759,0.14413461538461542,0.5192307692307693,0.3557692307692308,0.46153846153846156,0.8028846153846154,110,1.8777236938476562,0.9230769230769231
pilot,SCface,IoM-GRP,random_key_pool_4,26,0.038461538461538464,91817,91819,7affe6ca35dde136d9b0bf9b1f1dd20d6bba85e7c6677c8043e20bea72efc0f3,69a93e4cbd35211d78d38da5331f55832256152e,10,deepsets,509,0.5144230769230769,0.8269230769230769,0.9164774408284024,0.1832692307692308,0.33653846153846156,0.23076923076923078,0.34134615384615385,0.6923076923076923,84,1.4675555229187012,0.9230769230769231
pilot,SCface,PolyProtect,random_key_pool_4,26,0.038461538461538464,91817,91819,6492de64a0603e163797b7031ab867d07b8c7b04e655e7ff0fde9a09e354178f,69a93e4cbd35211d78d38da5331f55832256152e,1,single_mlp,509,0.27884615384615385,0.6153846153846154,0.7754114275147929,0.2979807692307692,0.16346153846153846,0.04326923076923077,0.20180288461538484,0.36538461538461536,73,0.6094706058502197,0.8509615384615384
pilot,SCface,PolyProtect,random_key_pool_4,26,0.038461538461538464,91817,91819,6492de64a0603e163797b7031ab867d07b8c7b04e655e7ff0fde9a09e354178f,69a93e4cbd35211d78d38da5331f55832256152e,10,mean_mlp,509,0.6971153846153846,0.9278846153846154,0.9511316568047338,0.11115384615384619,0.5480769230769231,0.28846153846153844,0.5625,0.8365384615384616,120,0.7624599933624268,0.9230769230769231
pilot,SCface,PolyProtect,random_key_pool_4,26,0.038461538461538464,91817,91819,6492de64a0603e163797b7031ab867d07b8c7b04e655e7ff0fde9a09e354178f,69a93e4cbd35211d78d38da5331f55832256152e,10,deepsets,509,0.6105769230769231,0.8653846153846154,0.9128383875739645,0.14317307692307696,0.5048076923076923,0.28846153846153844,0.4423076923076923,0.7692307692307693,114,0.9185452461242676,0.9230769230769231
pilot,SCface,IoM-GRP,random_key_pool_8,26,0.038461538461538464,91817,91819,f56ee6c5bc0f25f44af74320e4456dd1e50e72efe83a588916ed1730b42860be,69a93e4cbd35211d78d38da5331f55832256152e,1,single_mlp,509,0.13942307692307693,0.4423076923076923,0.6951710428994083,0.36067307692307693,0.0673076923076923,0.019230769230769232,0.07211538461538461,0.21165865384615318,110,0.7108561992645264,0.8509615384615384
pilot,SCface,IoM-GRP,random_key_pool_8,26,0.038461538461538464,91817,91819,f56ee6c5bc0f25f44af74320e4456dd1e50e72efe83a588916ed1730b42860be,69a93e4cbd35211d78d38da5331f55832256152e,10,mean_mlp,509,0.34134615384615385,0.7596153846153846,0.8732516642011834,0.22874999999999998,0.23557692307692307,0.08653846153846154,0.20192307692307693,0.4855769230769231,110,0.9392611980438232,0.9230769230769231
pilot,SCface,IoM-GRP,random_key_pool_8,26,0.038461538461538464,91817,91819,f56ee6c5bc0f25f44af74320e4456dd1e50e72efe83a588916ed1730b42860be,69a93e4cbd35211d78d38da5331f55832256152e,10,deepsets,509,0.3173076923076923,0.6490384615384616,0.8298261834319526,0.2693269230769231,0.17307692307692307,0.02403846153846154,0.1778846153846154,0.47115384615384615,71,2.1737871170043945,0.9230769230769231
pilot,SCface,PolyProtect,random_key_pool_8,26,0.038461538461538464,91817,91819,ca5dcc9a84834dc8865221277c9c8e1308e58f95ceb429abb0805de444233c28,69a93e4cbd35211d78d38da5331f55832256152e,1,single_mlp,509,0.052884615384615384,0.19230769230769232,0.5073668639053255,0.47096153846153843,0.02403846153846154,0.0,0.0,0.1201923076923077,23,0.31606578826904297,0.8509615384615384
pilot,SCface,PolyProtect,random_key_pool_8,26,0.038461538461538464,91817,91819,ca5dcc9a84834dc8865221277c9c8e1308e58f95ceb429abb0805de444233c28,69a93e4cbd35211d78d38da5331f55832256152e,10,mean_mlp,509,0.09615384615384616,0.47596153846153844,0.7209754068047337,0.3259615384615384,0.028846153846153848,0.0,0.03365384615384615,0.1778846153846154,29,0.3673741817474365,0.9230769230769231
pilot,SCface,PolyProtect,random_key_pool_8,26,0.038461538461538464,91817,91819,ca5dcc9a84834dc8865221277c9c8e1308e58f95ceb429abb0805de444233c28,69a93e4cbd35211d78d38da5331f55832256152e,10,deepsets,509,0.30288461538461536,0.6538461538461539,0.8536418269230769,0.2210576923076923,0.16826923076923078,0.09134615384615384,0.18737980769230791,0.44711538461538464,87,2.162632703781128,0.9230769230769231
