stage,dataset,scheme,split_seed,condition,test_identities,chance,key_seed,set_seed,config_sha256,git_commit,input_dimension,zero_rows,constant_columns,native_top1,native_auroc
bounded_validation,MOBIO,IoM-GRP,91831,independent_unseen_keys,30,0.03333333333333333,92101,92107,58d9f4f2b54c1f8120797af8cdefd7129cd1b4a1e10c413ce8fb858e636e7b17,02d0811437074f99181cd743a47339c7185bc5fa,4800,0,0,0.030303030303030304,0.48614420062695923
bounded_validation,SCface,IoM-GRP,91831,independent_unseen_keys,26,0.038461538461538464,92101,92107,bd7560b92063e64f39b7f9f88c96a3ac68eb4b59533a2cf43fe3db0d48b65401,02d0811437074f99181cd743a47339c7185bc5fa,4800,0,0,0.02033271719038817,0.4808908675315446
bounded_validation,MOBIO,IoM-GRP,91843,independent_unseen_keys,30,0.03333333333333333,92101,92107,8346b122981394df3152a67e92ba2e28b9242537eca4170f5822e310015e43ce,02d0811437074f99181cd743a47339c7185bc5fa,4800,0,0,0.0364741641337386,0.4920294400521952
bounded_validation,SCface,IoM-GRP,91843,independent_unseen_keys,26,0.038461538461538464,92101,92107,bc92a20c31e18054fcddc44dac05e997f38c578caa3ea29e485c61e8de89f898,02d0811437074f99181cd743a47339c7185bc5fa,4800,0,0,0.045871559633027525,0.5167354263109166
bounded_validation,MOBIO,PolyProtect,91831,independent_unseen_keys,30,0.03333333333333333,92101,92107,cc08879efe58d3d34319be02f2b082bf36a36370bc061895d2c8470cd9d3d23c,02d0811437074f99181cd743a47339c7185bc5fa,170,0,0,0.12727272727272726,0.506434248440518
bounded_validation,SCface,PolyProtect,91831,independent_unseen_keys,26,0.038461538461538464,92101,92107,6541bb94961eee765eb66abe8b62e65939cd1face32983469dc013bb02873055,02d0811437074f99181cd743a47339c7185bc5fa,170,0,0,0.12014787430683918,0.5269122355055504
bounded_validation,MOBIO,PolyProtect,91843,independent_unseen_keys,30,0.03333333333333333,92101,92107,04a7cfaf0d4788bc435135b6f22858be564a7a1b90c50045cfe6117048e55012,02d0811437074f99181cd743a47339c7185bc5fa,170,0,0,0.1398176291793313,0.5198380752528919
bounded_validation,SCface,PolyProtect,91843,independent_unseen_keys,26,0.038461538461538464,92101,92107,0aba7a981d83a40e138dd9c86f90135843b928c30f0962f02503cc4ab049a94b,02d0811437074f99181cd743a47339c7185bc5fa,170,0,0,0.09541284403669725,0.4778513593131892
bounded_validation,MOBIO,IoM-GRP,91831,random_key_pool_1,30,0.03333333333333333,92101,92107,9e9236a4b9193e4cebbe2843938206707914babf11cfbb61c5c4456da8605f64,02d0811437074f99181cd743a47339c7185bc5fa,4800,0,0,1.0,1.0
bounded_validation,SCface,IoM-GRP,91831,random_key_pool_1,26,0.038461538461538464,92101,92107,e14d94ab27932bf9b007f5ff7bd82d2f84ab7997537128184817b9ccba4d0f6c,02d0811437074f99181cd743a47339c7185bc5fa,4800,0,0,0.789279112754159,0.9357232618448073
bounded_validation,MOBIO,IoM-GRP,91843,random_key_pool_1,30,0.03333333333333333,92101,92107,ea27e6b097b2355401d30765855277ce9ac32aea9b8ad8ae13b577909480394f,02d0811437074f99181cd743a47339c7185bc5fa,4800,0,0,1.0,1.0000000000000002
bounded_validation,SCface,IoM-GRP,91843,random_key_pool_1,26,0.038461538461538464,92101,92107,4cc671ac444f4f0d9d2551ec079a90a7f7589ea1e8d61f93a6d2f1843cbadffe,02d0811437074f99181cd743a47339c7185bc5fa,4800,0,0,0.8201834862385321,0.9528820806329433
bounded_validation,MOBIO,PolyProtect,91831,random_key_pool_1,30,0.03333333333333333,92101,92107,79811860235925f29f9cad28ca974cc4f8d4b5481bd90eccf7e2316ddf6e3767,02d0811437074f99181cd743a47339c7185bc5fa,170,0,0,1.0,1.0
bounded_validation,SCface,PolyProtect,91831,random_key_pool_1,26,0.038461538461538464,92101,92107,a3fac9d7ef380edd360c66e3eca3eaac415945f7d9f494aae349f3ae2fd605e5,02d0811437074f99181cd743a47339c7185bc5fa,170,0,0,0.8151571164510166,0.9489608139920254
bounded_validation,MOBIO,PolyProtect,91843,random_key_pool_1,30,0.03333333333333333,92101,92107,8ff545675a984e3dad866c950b509f4d5b760669b54e48fff92f176ecd762ba8,02d0811437074f99181cd743a47339c7185bc5fa,170,0,0,1.0,1.0
bounded_validation,SCface,PolyProtect,91843,random_key_pool_1,26,0.038461538461538464,92101,92107,11ef25aad6557f27350fb6bcf408de6c27486cbdc688992e11eb36e80f52f504,02d0811437074f99181cd743a47339c7185bc5fa,170,0,0,0.7908256880733945,0.938768117161855
bounded_validation,MOBIO,IoM-GRP,91831,random_key_pool_4,30,0.03333333333333333,92101,92107,43f8d7c138f35aef0f2e50c49aadf8aed7849044b7683b49fc969da30f85db05,02d0811437074f99181cd743a47339c7185bc5fa,4800,0,0,0.25757575757575757,0.6089368607707165
bounded_validation,SCface,IoM-GRP,91831,random_key_pool_4,26,0.038461538461538464,92101,92107,feec93bfc1d42c9c401c2a2bf9986fab930de1f80764906e88bd022c826a9aa8,02d0811437074f99181cd743a47339c7185bc5fa,4800,0,0,0.23844731977818853,0.5787132748623929
bounded_validation,MOBIO,IoM-GRP,91843,random_key_pool_4,30,0.03333333333333333,92101,92107,9aac0890aa4ce0164aaf48e5b70f0dcead76b286ca423bf297c2eff86e2db6f9,02d0811437074f99181cd743a47339c7185bc5fa,4800,0,0,0.24924012158054712,0.6119033867273825
bounded_validation,SCface,IoM-GRP,91843,random_key_pool_4,26,0.038461538461538464,92101,92107,59c40900194319b3011a0e019160ae101e7726e0687e5f446c061a758aa984f2,02d0811437074f99181cd743a47339c7185bc5fa,4800,0,0,0.21100917431192662,0.6194892012456864
bounded_validation,MOBIO,PolyProtect,91831,random_key_pool_4,30,0.03333333333333333,92101,92107,d50e492f1df57d0fd60cfe3afa28c483360b9581be5796d4a75cf2c1961ac29d,02d0811437074f99181cd743a47339c7185bc5fa,170,0,0,0.2545454545454545,0.5598210949621608
bounded_validation,SCface,PolyProtect,91831,random_key_pool_4,26,0.038461538461538464,92101,92107,e9c8d888ae412ef3a08a1b86b3290d7fe8d24d647bc42231ddef27222a321465,02d0811437074f99181cd743a47339c7185bc5fa,170,0,0,0.2088724584103512,0.5418266303586499
bounded_validation,MOBIO,PolyProtect,91843,random_key_pool_4,30,0.03333333333333333,92101,92107,2aa30db54701ce15bf9d558964610f6c9676bc8dc193d337d7c41132a0f2b4d8,02d0811437074f99181cd743a47339c7185bc5fa,170,0,0,0.2613981762917933,0.5637955405386893
bounded_validation,SCface,PolyProtect,91843,random_key_pool_4,26,0.038461538461538464,92101,92107,5bf6401055656ee205cc4a28b7e9cb0a7960069ea8dbb6a124dccc91a8f060d2,02d0811437074f99181cd743a47339c7185bc5fa,170,0,0,0.1889908256880734,0.5145522430771821
bounded_validation,MOBIO,IoM-GRP,91831,random_key_pool_8,30,0.03333333333333333,92101,92107,c85bc87994072569f85740a8be162b001cd5db0b5aa33438c12967666c051206,02d0811437074f99181cd743a47339c7185bc5fa,4800,0,0,0.1303030303030303,0.5448041543966309
bounded_validation,SCface,IoM-GRP,91831,random_key_pool_8,26,0.038461538461538464,92101,92107,8c77948186d8ab6978891450798cd5e720fd00b03b1f5cb60887a4795b51f8f9,02d0811437074f99181cd743a47339c7185bc5fa,4800,0,0,0.14417744916820702,0.5560561840365449
bounded_validation,MOBIO,IoM-GRP,91843,random_key_pool_8,30,0.03333333333333333,92101,92107,1df847973a550e134217013f1d71a7f383882477fe1faa03c3c08d0fc33fc7c9,02d0811437074f99181cd743a47339c7185bc5fa,4800,0,0,0.1702127659574468,0.553971358294024
bounded_validation,SCface,IoM-GRP,91843,random_key_pool_8,26,0.038461538461538464,92101,92107,3fbae4d959bb93c63eefb080e08425cd6db13ea6ac1ef1d048e9f10b1bc84536,02d0811437074f99181cd743a47339c7185bc5fa,4800,0,0,0.12110091743119267,0.5588846730073227
bounded_validation,MOBIO,PolyProtect,91831,random_key_pool_8,30,0.03333333333333333,92101,92107,d0c08c78c09868ce51253d3e4c31b669122d3d4550da5dec50cd06292385f958,02d0811437074f99181cd743a47339c7185bc5fa,170,0,0,0.21515151515151515,0.5615683480573763
bounded_validation,SCface,PolyProtect,91831,random_key_pool_8,26,0.038461538461538464,92101,92107,81996a40a8081b54c1ed9820562f0389a38c5a41244cad1d16043525b1fe91e0,02d0811437074f99181cd743a47339c7185bc5fa,170,0,0,0.2199630314232902,0.5540093138946498
bounded_validation,MOBIO,PolyProtect,91843,random_key_pool_8,30,0.03333333333333333,92101,92107,077755eab8ec8d36fd04f01e23302fbf5cbe1842cc294cedcaf70902ca62d70c,02d0811437074f99181cd743a47339c7185bc5fa,170,0,0,0.2826747720364742,0.6229744672568143
bounded_validation,SCface,PolyProtect,91843,random_key_pool_8,26,0.038461538461538464,92101,92107,6b468cd17d8f6e6e2bfb570116839c6d0c0a6ac4311be5e8d2073b6c830e0230,02d0811437074f99181cd743a47339c7185bc5fa,170,0,0,0.24036697247706423,0.5917376651796987
