stage,dataset,scheme,split_seed,chance,condition,exposures,model,model_seeds,identity_clusters,top1_mean,seed_sd,lower95,upper95
bounded_validation,FEI,IoM-GRP,91831,0.025,independent_unseen_keys,1,single_mlp,3,40,0.013541666666666667,0.006505206248331665,0.0,0.034375
bounded_validation,FEI,IoM-GRP,91831,0.025,independent_unseen_keys,10,mean_mlp,3,40,0.025,4.2491873609703695e-18,0.0,0.075
bounded_validation,FEI,IoM-GRP,91831,0.025,independent_unseen_keys,10,deepsets,3,40,0.025,4.2491873609703695e-18,0.0,0.075
bounded_validation,FEI,IoM-GRP,91831,0.025,random_key_pool_1,1,single_mlp,3,40,1.0,0.0,1.0,1.0
bounded_validation,FEI,IoM-GRP,91831,0.025,random_key_pool_1,10,mean_mlp,3,40,1.0,0.0,1.0,1.0
bounded_validation,FEI,IoM-GRP,91831,0.025,random_key_pool_1,10,deepsets,3,40,0.9385416666666667,0.03191990301259281,0.8624479166666668,1.0
bounded_validation,FEI,IoM-GRP,91831,0.025,random_key_pool_4,1,single_mlp,3,40,0.7125,0.04728983109506734,0.6260416666666667,0.7958333333333333
bounded_validation,FEI,IoM-GRP,91831,0.025,random_key_pool_4,10,mean_mlp,3,40,0.9947916666666666,0.00477351634891234,0.98125,1.0
bounded_validation,FEI,IoM-GRP,91831,0.025,random_key_pool_4,10,deepsets,3,40,0.7989583333333333,0.11551233249455807,0.6468489583333333,0.9198177083333332
bounded_validation,FEI,IoM-GRP,91843,0.025,independent_unseen_keys,1,single_mlp,3,40,0.030208333333333334,0.01097463932588827,0.0,0.075
bounded_validation,FEI,IoM-GRP,91843,0.025,independent_unseen_keys,10,mean_mlp,3,40,0.025,4.2491873609703695e-18,0.0,0.075
bounded_validation,FEI,IoM-GRP,91843,0.025,independent_unseen_keys,10,deepsets,3,40,0.025,4.2491873609703695e-18,0.0,0.075
bounded_validation,FEI,IoM-GRP,91843,0.025,random_key_pool_1,1,single_mlp,3,40,0.99375,0.003124999999999989,0.98125,1.0
bounded_validation,FEI,IoM-GRP,91843,0.025,random_key_pool_1,10,mean_mlp,3,40,0.990625,0.0162379763209582,0.95,1.0
bounded_validation,FEI,IoM-GRP,91843,0.025,random_key_pool_1,10,deepsets,3,40,0.9114583333333334,0.012629537138523075,0.8291666666666667,0.975
bounded_validation,FEI,IoM-GRP,91843,0.025,random_key_pool_4,1,single_mlp,3,40,0.6895833333333333,0.014091405477571524,0.6052083333333333,0.7708333333333334
bounded_validation,FEI,IoM-GRP,91843,0.025,random_key_pool_4,10,mean_mlp,3,40,0.9479166666666666,0.02033252218327411,0.8802083333333334,0.9958333333333333
bounded_validation,FEI,IoM-GRP,91843,0.025,random_key_pool_4,10,deepsets,3,40,0.725,0.057025898721545815,0.591640625,0.8500260416666665
bounded_validation,FEI,PolyProtect,91831,0.025,independent_unseen_keys,1,single_mlp,3,40,0.028125,0.008267972847076845,0.0,0.06981770833333319
bounded_validation,FEI,PolyProtect,91831,0.025,independent_unseen_keys,10,mean_mlp,3,40,0.009375,0.009375,0.0,0.0375
bounded_validation,FEI,PolyProtect,91831,0.025,independent_unseen_keys,10,deepsets,3,40,0.025,4.2491873609703695e-18,0.0,0.075
bounded_validation,FEI,PolyProtect,91831,0.025,random_key_pool_1,1,single_mlp,3,40,0.996875,0.003124999999999989,0.9875,1.0
bounded_validation,FEI,PolyProtect,91831,0.025,random_key_pool_1,10,mean_mlp,3,40,0.9270833333333334,0.04690970937165709,0.8354166666666667,0.99375
bounded_validation,FEI,PolyProtect,91831,0.025,random_key_pool_1,10,deepsets,3,40,0.8427083333333333,0.023034733736975014,0.7458333333333333,0.925
bounded_validation,FEI,PolyProtect,91831,0.025,random_key_pool_4,1,single_mlp,3,40,0.6125,0.019515618744994995,0.5364322916666667,0.6854166666666667
bounded_validation,FEI,PolyProtect,91831,0.025,random_key_pool_4,10,mean_mlp,3,40,0.8520833333333333,0.03252603124165832,0.7562239583333333,0.9281510416666665
bounded_validation,FEI,PolyProtect,91831,0.025,random_key_pool_4,10,deepsets,3,40,0.759375,0.06226518389116026,0.638515625,0.8698177083333332
bounded_validation,FEI,PolyProtect,91843,0.025,independent_unseen_keys,1,single_mlp,3,40,0.026041666666666668,0.004773516348912334,0.0,0.071875
bounded_validation,FEI,PolyProtect,91843,0.025,independent_unseen_keys,10,mean_mlp,3,40,0.022916666666666665,0.003608439182435162,0.0,0.075
bounded_validation,FEI,PolyProtect,91843,0.025,independent_unseen_keys,10,deepsets,3,40,0.025,4.2491873609703695e-18,0.0,0.075
bounded_validation,FEI,PolyProtect,91843,0.025,random_key_pool_1,1,single_mlp,3,40,1.0,0.0,1.0,1.0
bounded_validation,FEI,PolyProtect,91843,0.025,random_key_pool_1,10,mean_mlp,3,40,0.925,0.04296164714021098,0.8322916666666667,0.984375
bounded_validation,FEI,PolyProtect,91843,0.025,random_key_pool_1,10,deepsets,3,40,0.7958333333333333,0.0858285293963105,0.6604166666666667,0.9145833333333333
bounded_validation,FEI,PolyProtect,91843,0.025,random_key_pool_4,1,single_mlp,3,40,0.6302083333333334,0.04030321275448563,0.535390625,0.721875
bounded_validation,FEI,PolyProtect,91843,0.025,random_key_pool_4,10,mean_mlp,3,40,0.84375,0.021874999999999978,0.7562239583333333,0.921875
bounded_validation,FEI,PolyProtect,91843,0.025,random_key_pool_4,10,deepsets,3,40,0.7145833333333333,0.10844845645897105,0.565546875,0.846875
bounded_validation,MOBIO,IoM-GRP,91831,0.03333333333333333,independent_unseen_keys,1,single_mlp,3,30,0.02361111111111111,0.004811252243246882,0.0,0.06111111111111111
bounded_validation,MOBIO,IoM-GRP,91831,0.03333333333333333,independent_unseen_keys,10,mean_mlp,3,30,0.03194444444444444,0.031273139581104725,0.0,0.10697916666666647
bounded_validation,MOBIO,IoM-GRP,91831,0.03333333333333333,independent_unseen_keys,10,deepsets,3,30,0.030555555555555555,0.00481125224324688,0.0,0.1
bounded_validation,MOBIO,IoM-GRP,91831,0.03333333333333333,random_key_pool_1,1,single_mlp,3,30,0.9972222222222222,0.004811252243246865,0.9875,1.0
bounded_validation,MOBIO,IoM-GRP,91831,0.03333333333333333,random_key_pool_1,10,mean_mlp,3,30,1.0,0.0,1.0,1.0
bounded_validation,MOBIO,IoM-GRP,91831,0.03333333333333333,random_key_pool_1,10,deepsets,3,30,0.9319444444444445,0.033420026154211004,0.8333333333333334,1.0
bounded_validation,MOBIO,IoM-GRP,91831,0.03333333333333333,random_key_pool_4,1,single_mlp,3,30,0.5680555555555555,0.04683254250024264,0.4610763888888889,0.6694444444444444
bounded_validation,MOBIO,IoM-GRP,91831,0.03333333333333333,random_key_pool_4,10,mean_mlp,3,30,0.9416666666666667,0.014433756729740593,0.8611111111111112,0.9958333333333333
bounded_validation,MOBIO,IoM-GRP,91831,0.03333333333333333,random_key_pool_4,10,deepsets,3,30,0.6972222222222222,0.11105033059800376,0.5111111111111111,0.8541666666666666
bounded_validation,MOBIO,IoM-GRP,91843,0.03333333333333333,independent_unseen_keys,1,single_mlp,3,30,0.030555555555555555,0.006364688465216443,0.008333333333333333,0.0625
bounded_validation,MOBIO,IoM-GRP,91843,0.03333333333333333,independent_unseen_keys,10,mean_mlp,3,30,0.03333333333333333,0.0,0.0,0.08888888888888889
bounded_validation,MOBIO,IoM-GRP,91843,0.03333333333333333,independent_unseen_keys,10,deepsets,3,30,0.03333333333333333,0.0,0.0,0.1
bounded_validation,MOBIO,IoM-GRP,91843,0.03333333333333333,random_key_pool_1,1,single_mlp,3,30,0.9888888888888889,0.006364688465216471,0.9722222222222222,1.0
bounded_validation,MOBIO,IoM-GRP,91843,0.03333333333333333,random_key_pool_1,10,mean_mlp,3,30,1.0,0.0,1.0,1.0
bounded_validation,MOBIO,IoM-GRP,91843,0.03333333333333333,random_key_pool_1,10,deepsets,3,30,0.9472222222222222,0.027743033826997436,0.8625,1.0
bounded_validation,MOBIO,IoM-GRP,91843,0.03333333333333333,random_key_pool_4,1,single_mlp,3,30,0.5361111111111111,0.055486067653994935,0.43333333333333335,0.6417013888888887
bounded_validation,MOBIO,IoM-GRP,91843,0.03333333333333333,random_key_pool_4,10,mean_mlp,3,30,0.9444444444444444,0.012729376930432905,0.8625,1.0
bounded_validation,MOBIO,IoM-GRP,91843,0.03333333333333333,random_key_pool_4,10,deepsets,3,30,0.6444444444444445,0.13387476873445464,0.45555555555555555,0.8263888888888888
bounded_validation,MOBIO,PolyProtect,91831,0.03333333333333333,independent_unseen_keys,1,single_mlp,3,30,0.041666666666666664,0.004166666666666666,0.0,0.10694444444444444
bounded_validation,MOBIO,PolyProtect,91831,0.03333333333333333,independent_unseen_keys,10,mean_mlp,3,30,0.030555555555555555,0.010485881160098263,0.0,0.08336805555555536
bounded_validation,MOBIO,PolyProtect,91831,0.03333333333333333,independent_unseen_keys,10,deepsets,3,30,0.03333333333333333,0.0,0.0,0.1
bounded_validation,MOBIO,PolyProtect,91831,0.03333333333333333,random_key_pool_1,1,single_mlp,3,30,0.9833333333333333,0.012500000000000011,0.9527777777777777,1.0
bounded_validation,MOBIO,PolyProtect,91831,0.03333333333333333,random_key_pool_1,10,mean_mlp,3,30,0.8763888888888889,0.01339395939026801,0.7694444444444445,0.9625
bounded_validation,MOBIO,PolyProtect,91831,0.03333333333333333,random_key_pool_1,10,deepsets,3,30,0.7416666666666667,0.058333333333333355,0.5916666666666667,0.8666666666666667
bounded_validation,MOBIO,PolyProtect,91831,0.03333333333333333,random_key_pool_4,1,single_mlp,3,30,0.5,0.014433756729740626,0.3972222222222222,0.6041666666666666
bounded_validation,MOBIO,PolyProtect,91831,0.03333333333333333,random_key_pool_4,10,mean_mlp,3,30,0.7125,0.06934715407122181,0.5611111111111111,0.8458333333333333
bounded_validation,MOBIO,PolyProtect,91831,0.03333333333333333,random_key_pool_4,10,deepsets,3,30,0.6833333333333333,0.09798313346920706,0.5305555555555556,0.8388888888888889
bounded_validation,MOBIO,PolyProtect,91843,0.03333333333333333,independent_unseen_keys,1,single_mlp,3,30,0.034722222222222224,0.01272937693043289,0.0,0.10694444444444444
bounded_validation,MOBIO,PolyProtect,91843,0.03333333333333333,independent_unseen_keys,10,mean_mlp,3,30,0.0375,0.01502313031443329,0.0,0.1111111111111111
bounded_validation,MOBIO,PolyProtect,91843,0.03333333333333333,independent_unseen_keys,10,deepsets,3,30,0.03333333333333333,0.0,0.0,0.1
bounded_validation,MOBIO,PolyProtect,91843,0.03333333333333333,random_key_pool_1,1,single_mlp,3,30,0.9916666666666667,0.004166666666666652,0.9763888888888889,1.0
bounded_validation,MOBIO,PolyProtect,91843,0.03333333333333333,random_key_pool_1,10,mean_mlp,3,30,0.8902777777777777,0.01339395939026801,0.775,0.9778124999999998
bounded_validation,MOBIO,PolyProtect,91843,0.03333333333333333,random_key_pool_1,10,deepsets,3,30,0.7430555555555556,0.1223563027179835,0.5583333333333333,0.9
bounded_validation,MOBIO,PolyProtect,91843,0.03333333333333333,random_key_pool_4,1,single_mlp,3,30,0.43194444444444446,0.055014728667606524,0.3360416666666667,0.525
bounded_validation,MOBIO,PolyProtect,91843,0.03333333333333333,random_key_pool_4,10,mean_mlp,3,30,0.725,0.09418878796214429,0.5666319444444444,0.8666666666666667
bounded_validation,MOBIO,PolyProtect,91843,0.03333333333333333,random_key_pool_4,10,deepsets,3,30,0.7166666666666667,0.02083333333333337,0.5722222222222222,0.8444444444444444
