dataset,split_seed,historical_people,historical_keys,identity_axis_sd,key_axis_sd,test_people,key_draws,assumed_mean_tar_change,variance_multiplier,tail_alpha,margin,proxy_standard_error,normal_one_sided_half_width,normal_approximation_tar_power
MOBIO,93083,30,12,0.05651463091433165,0.030477002899025517,40,12,0.0,1.0,0.016666666666666666,0.03,0.012539998531107533,0.026685684110810085,0.6042254440542082
MOBIO,93083,30,12,0.05651463091433165,0.030477002899025517,40,12,0.0,2.0,0.016666666666666666,0.03,0.01773423599483096,0.03773925639071183,0.33127253723641004
MOBIO,93083,30,12,0.05651463091433165,0.030477002899025517,40,12,-0.01,1.0,0.016666666666666666,0.03,0.012539998531107533,0.026685684110810085,0.2969653194252928
MOBIO,93083,30,12,0.05651463091433165,0.030477002899025517,40,12,-0.01,2.0,0.016666666666666666,0.03,0.01773423599483096,0.03773925639071183,0.15858676398459037
MOBIO,93083,30,12,0.05651463091433165,0.030477002899025517,40,12,-0.02,1.0,0.016666666666666666,0.03,0.012539998531107533,0.026685684110810085,0.09166082921178886
MOBIO,93083,30,12,0.05651463091433165,0.030477002899025517,40,12,-0.02,2.0,0.016666666666666666,0.03,0.01773423599483096,0.03773925639071183,0.058889510513171706
MOBIO,93083,30,12,0.05651463091433165,0.030477002899025517,40,24,0.0,1.0,0.016666666666666666,0.03,0.010888047364995188,0.023170257304658385,0.7347587840017025
MOBIO,93083,30,12,0.05651463091433165,0.030477002899025517,40,24,0.0,2.0,0.016666666666666666,0.03,0.015398024251336835,0.03276769212392216,0.4286770382570473
MOBIO,93083,30,12,0.05651463091433165,0.030477002899025517,40,24,-0.01,1.0,0.016666666666666666,0.03,0.010888047364995188,0.023170257304658385,0.3854611952521885
MOBIO,93083,30,12,0.05651463091433165,0.030477002899025517,40,24,-0.01,2.0,0.016666666666666666,0.03,0.015398024251336835,0.03276769212392216,0.20350204489646645
MOBIO,93083,30,12,0.05651463091433165,0.030477002899025517,40,24,-0.02,1.0,0.016666666666666666,0.03,0.010888047364995188,0.023170257304658385,0.11321488312002659
MOBIO,93083,30,12,0.05651463091433165,0.030477002899025517,40,24,-0.02,2.0,0.016666666666666666,0.03,0.015398024251336835,0.03276769212392216,0.0696221200515067
MOBIO,93083,30,12,0.05651463091433165,0.030477002899025517,40,48,0.0,1.0,0.016666666666666666,0.03,0.009959848470407493,0.021195008070655268,0.8116650605967578
MOBIO,93083,30,12,0.05651463091433165,0.030477002899025517,40,48,0.0,2.0,0.016666666666666666,0.03,0.0140853527860312,0.029974267868127884,0.5007288159419511
MOBIO,93083,30,12,0.05651463091433165,0.030477002899025517,40,48,-0.01,1.0,0.016666666666666666,0.03,0.009959848470407493,0.021195008070655268,0.4522484834562992
MOBIO,93083,30,12,0.05651463091433165,0.030477002899025517,40,48,-0.01,2.0,0.016666666666666666,0.03,0.0140853527860312,0.029974267868127884,0.23943211127370395
MOBIO,93083,30,12,0.05651463091433165,0.030477002899025517,40,48,-0.02,1.0,0.016666666666666666,0.03,0.009959848470407493,0.021195008070655268,0.1305035657035321
MOBIO,93083,30,12,0.05651463091433165,0.030477002899025517,40,48,-0.02,2.0,0.016666666666666666,0.03,0.0140853527860312,0.029974267868127884,0.07808255676002468
MOBIO,93083,30,12,0.05651463091433165,0.030477002899025517,40,96,0.0,1.0,0.016666666666666666,0.03,0.009461663945576822,0.02013484886684465,0.8514434962644648
MOBIO,93083,30,12,0.05651463091433165,0.030477002899025517,40,96,0.0,2.0,0.016666666666666666,0.03,0.013380813474451272,0.028474976343824246,0.5453695781689665
MOBIO,93083,30,12,0.05651463091433165,0.030477002899025517,40,96,-0.01,1.0,0.016666666666666666,0.03,0.009461663945576822,0.02013484886684465,0.49431441514095675
MOBIO,93083,30,12,0.05651463091433165,0.030477002899025517,40,96,-0.01,2.0,0.016666666666666666,0.03,0.013380813474451272,0.028474976343824246,0.2632467448826238
MOBIO,93083,30,12,0.05651463091433165,0.030477002899025517,40,96,-0.02,1.0,0.016666666666666666,0.03,0.009461663945576822,0.02013484886684465,0.14205129087681062
MOBIO,93083,30,12,0.05651463091433165,0.030477002899025517,40,96,-0.02,2.0,0.016666666666666666,0.03,0.013380813474451272,0.028474976343824246,0.0836846086143544
MOBIO,93083,30,12,0.05651463091433165,0.030477002899025517,100,12,0.0,1.0,0.016666666666666666,0.03,0.010456720831572015,0.02225237493082967,0.7706299384069786
MOBIO,93083,30,12,0.05651463091433165,0.030477002899025517,100,12,0.0,2.0,0.016666666666666666,0.03,0.014788036417958412,0.03146961042219038,0.4604189422843314
MOBIO,93083,30,12,0.05651463091433165,0.030477002899025517,100,12,-0.01,1.0,0.016666666666666666,0.03,0.010456720831572015,0.02225237493082967,0.4147278370028816
MOBIO,93083,30,12,0.05651463091433165,0.030477002899025517,100,12,-0.01,2.0,0.016666666666666666,0.03,0.014788036417958412,0.03146961042219038,0.2189924129475671
MOBIO,93083,30,12,0.05651463091433165,0.030477002899025517,100,12,-0.02,1.0,0.016666666666666666,0.03,0.010456720831572015,0.02225237493082967,0.12065424603674968
MOBIO,93083,30,12,0.05651463091433165,0.030477002899025517,100,12,-0.02,2.0,0.016666666666666666,0.03,0.014788036417958412,0.03146961042219038,0.07327542263906267
MOBIO,93083,30,12,0.05651463091433165,0.030477002899025517,100,24,0.0,1.0,0.016666666666666666,0.03,0.008404821402720685,0.017885840130235704,0.9252549111659457
MOBIO,93083,30,12,0.05651463091433165,0.030477002899025517,100,24,0.0,2.0,0.016666666666666666,0.03,0.011886212417051255,0.0252943976866163,0.6539059697926484
MOBIO,93083,30,12,0.05651463091433165,0.030477002899025517,100,24,-0.01,1.0,0.016666666666666666,0.03,0.008404821402720685,0.017885840130235704,0.5993021899281508
MOBIO,93083,30,12,0.05651463091433165,0.030477002899025517,100,24,-0.01,2.0,0.016666666666666666,0.03,0.011886212417051255,0.0252943976866163,0.3280068860597555
MOBIO,93083,30,12,0.05651463091433165,0.030477002899025517,100,24,-0.02,1.0,0.016666666666666666,0.03,0.008404821402720685,0.017885840130235704,0.17405747146852008
MOBIO,93083,30,12,0.05651463091433165,0.030477002899025517,100,24,-0.02,2.0,0.016666666666666666,0.03,0.011886212417051255,0.0252943976866163,0.099093449819393
MOBIO,93083,30,12,0.05651463091433165,0.030477002899025517,100,48,0.0,1.0,0.016666666666666666,0.03,0.007161705728576922,0.015240433744333417,0.9803437554460204
MOBIO,93083,30,12,0.05651463091433165,0.030477002899025517,100,48,0.0,2.0,0.016666666666666666,0.03,0.01012818137107857,0.02155322809768489,0.7978558537287685
MOBIO,93083,30,12,0.05651463091433165,0.030477002899025517,100,48,-0.01,1.0,0.016666666666666666,0.03,0.007161705728576922,0.015240433744333417,0.7468421981115321
MOBIO,93083,30,12,0.05651463091433165,0.030477002899025517,100,48,-0.01,2.0,0.016666666666666666,0.03,0.01012818137107857,0.02155322809768489,0.4390583535061626
MOBIO,93083,30,12,0.05651463091433165,0.030477002899025517,100,48,-0.02,1.0,0.016666666666666666,0.03,0.007161705728576922,0.015240433744333417,0.2321667415272991
MOBIO,93083,30,12,0.05651463091433165,0.030477002899025517,100,48,-0.02,2.0,0.016666666666666666,0.03,0.01012818137107857,0.02155322809768489,0.1269971547400347
MOBIO,93083,30,12,0.05651463091433165,0.030477002899025517,100,96,0.0,1.0,0.016666666666666666,0.03,0.006450932646391637,0.013727876474202049,0.9941728931999082
MOBIO,93083,30,12,0.05651463091433165,0.030477002899025517,100,96,0.0,2.0,0.016666666666666666,0.03,0.009122996438482415,0.019414149092399087,0.877046430761834
MOBIO,93083,30,12,0.05651463091433165,0.030477002899025517,100,96,-0.01,1.0,0.016666666666666666,0.03,0.006450932646391637,0.013727876474202049,0.8345447783174694
MOBIO,93083,30,12,0.05651463091433165,0.030477002899025517,100,96,-0.01,2.0,0.016666666666666666,0.03,0.009122996438482415,0.019414149092399087,0.5256012551484502
MOBIO,93083,30,12,0.05651463091433165,0.030477002899025517,100,96,-0.02,1.0,0.016666666666666666,0.03,0.006450932646391637,0.013727876474202049,0.2816719668076737
MOBIO,93083,30,12,0.05651463091433165,0.030477002899025517,100,96,-0.02,2.0,0.016666666666666666,0.03,0.009122996438482415,0.019414149092399087,0.15105616889934037
MOBIO,93083,30,12,0.05651463091433165,0.030477002899025517,200,12,0.0,1.0,0.016666666666666666,0.03,0.009662996068120717,0.020563292730712533,0.8356119136343618
MOBIO,93083,30,12,0.05651463091433165,0.030477002899025517,200,12,0.0,2.0,0.016666666666666666,0.03,0.013665540092694212,0.029080887466821744,0.5268117167933936
MOBIO,93083,30,12,0.05651463091433165,0.030477002899025517,200,12,-0.01,1.0,0.016666666666666666,0.03,0.009662996068120717,0.020563292730712533,0.476757304216231
MOBIO,93083,30,12,0.05651463091433165,0.030477002899025517,200,12,-0.01,2.0,0.016666666666666666,0.03,0.013665540092694212,0.029080887466821744,0.2531819889700814
MOBIO,93083,30,12,0.05651463091433165,0.030477002899025517,200,12,-0.02,1.0,0.016666666666666666,0.03,0.009662996068120717,0.020563292730712533,0.13715968944455775
MOBIO,93083,30,12,0.05651463091433165,0.030477002899025517,200,12,-0.02,2.0,0.016666666666666666,0.03,0.013665540092694212,0.029080887466821744,0.08131545887218755
MOBIO,93083,30,12,0.05651463091433165,0.030477002899025517,200,24,0.0,1.0,0.016666666666666666,0.03,0.007394018208979206,0.01573480521109519,0.9731524758053289
MOBIO,93083,30,12,0.05651463091433165,0.030477002899025517,200,24,0.0,2.0,0.016666666666666666,0.03,0.010456720831572015,0.02225237493082967,0.7706299384069786
MOBIO,93083,30,12,0.05651463091433165,0.030477002899025517,200,24,-0.01,1.0,0.016666666666666666,0.03,0.007394018208979206,0.01573480521109519,0.7179775669703159
MOBIO,93083,30,12,0.05651463091433165,0.030477002899025517,200,24,-0.01,2.0,0.016666666666666666,0.03,0.010456720831572015,0.02225237493082967,0.4147278370028816
MOBIO,93083,30,12,0.05651463091433165,0.030477002899025517,200,24,-0.02,1.0,0.016666666666666666,0.03,0.007394018208979206,0.01573480521109519,0.2189924129475671
MOBIO,93083,30,12,0.05651463091433165,0.030477002899025517,200,24,-0.02,2.0,0.016666666666666666,0.03,0.010456720831572015,0.02225237493082967,0.12065424603674968
MOBIO,93083,30,12,0.05651463091433165,0.030477002899025517,200,48,0.0,1.0,0.016666666666666666,0.03,0.005943106208525627,0.01264719884330815,0.9982488326725687
MOBIO,93083,30,12,0.05651463091433165,0.030477002899025517,200,48,0.0,2.0,0.016666666666666666,0.03,0.008404821402720685,0.017885840130235704,0.9252549111659457
MOBIO,93083,30,12,0.05651463091433165,0.030477002899025517,200,48,-0.01,1.0,0.016666666666666666,0.03,0.005943106208525627,0.01264719884330815,0.8919932718275797
MOBIO,93083,30,12,0.05651463091433165,0.030477002899025517,200,48,-0.01,2.0,0.016666666666666666,0.03,0.008404821402720685,0.017885840130235704,0.5993021899281508
MOBIO,93083,30,12,0.05651463091433165,0.030477002899025517,200,48,-0.02,1.0,0.016666666666666666,0.03,0.005943106208525627,0.01264719884330815,0.3280068860597555
MOBIO,93083,30,12,0.05651463091433165,0.030477002899025517,200,48,-0.02,2.0,0.016666666666666666,0.03,0.008404821402720685,0.017885840130235704,0.17405747146852008
MOBIO,93083,30,12,0.05651463091433165,0.030477002899025517,200,96,0.0,1.0,0.016666666666666666,0.03,0.005064090685539285,0.010776614048842444,0.9999264809701714
MOBIO,93083,30,12,0.05651463091433165,0.030477002899025517,200,96,0.0,2.0,0.016666666666666666,0.03,0.007161705728576922,0.015240433744333417,0.9803437554460204
MOBIO,93083,30,12,0.05651463091433165,0.030477002899025517,200,96,-0.01,1.0,0.016666666666666666,0.03,0.005064090685539285,0.010776614048842444,0.9657217305497776
MOBIO,93083,30,12,0.05651463091433165,0.030477002899025517,200,96,-0.01,2.0,0.016666666666666666,0.03,0.007161705728576922,0.015240433744333417,0.7468421981115321
MOBIO,93083,30,12,0.05651463091433165,0.030477002899025517,200,96,-0.02,1.0,0.016666666666666666,0.03,0.005064090685539285,0.010776614048842444,0.4390583535061626
MOBIO,93083,30,12,0.05651463091433165,0.030477002899025517,200,96,-0.02,2.0,0.016666666666666666,0.03,0.007161705728576922,0.015240433744333417,0.2321667415272991
MOBIO,93083,30,12,0.05651463091433165,0.030477002899025517,400,12,0.0,1.0,0.016666666666666666,0.03,0.009240602482742055,0.01966442007439716,0.8683224625749109
MOBIO,93083,30,12,0.05651463091433165,0.030477002899025517,400,12,0.0,2.0,0.016666666666666666,0.03,0.013068185355592309,0.027809689565414214,0.5665534998892794
MOBIO,93083,30,12,0.05651463091433165,0.030477002899025517,400,12,-0.01,1.0,0.016666666666666666,0.03,0.009240602482742055,0.01966442007439716,0.5144847264922238
MOBIO,93083,30,12,0.05651463091433165,0.030477002899025517,400,12,-0.01,2.0,0.016666666666666666,0.03,0.013068185355592309,0.027809689565414214,0.2750498061537958
MOBIO,93083,30,12,0.05651463091433165,0.030477002899025517,400,12,-0.02,1.0,0.016666666666666666,0.03,0.009240602482742055,0.01966442007439716,0.14781174884431547
MOBIO,93083,30,12,0.05651463091433165,0.030477002899025517,400,12,-0.02,2.0,0.016666666666666666,0.03,0.013068185355592309,0.027809689565414214,0.08646835433202754
MOBIO,93083,30,12,0.05651463091433165,0.030477002899025517,400,24,0.0,1.0,0.016666666666666666,0.03,0.006832770046347106,0.014540443733410872,0.9881686052551105
MOBIO,93083,30,12,0.05651463091433165,0.030477002899025517,400,24,0.0,2.0,0.016666666666666666,0.03,0.009662996068120717,0.020563292730712533,0.8356119136343618
MOBIO,93083,30,12,0.05651463091433165,0.030477002899025517,400,24,-0.01,1.0,0.016666666666666666,0.03,0.006832770046347106,0.014540443733410872,0.7878621345249439
MOBIO,93083,30,12,0.05651463091433165,0.030477002899025517,400,24,-0.01,2.0,0.016666666666666666,0.03,0.009662996068120717,0.020563292730712533,0.476757304216231
MOBIO,93083,30,12,0.05651463091433165,0.030477002899025517,400,24,-0.02,1.0,0.016666666666666666,0.03,0.006832770046347106,0.014540443733410872,0.2531819889700814
MOBIO,93083,30,12,0.05651463091433165,0.030477002899025517,400,24,-0.02,2.0,0.016666666666666666,0.03,0.009662996068120717,0.020563292730712533,0.13715968944455775
MOBIO,93083,30,12,0.05651463091433165,0.030477002899025517,400,48,0.0,1.0,0.016666666666666666,0.03,0.005228360415786008,0.011126187465414834,0.9998468372986972
MOBIO,93083,30,12,0.05651463091433165,0.030477002899025517,400,48,0.0,2.0,0.016666666666666666,0.03,0.007394018208979206,0.01573480521109519,0.9731524758053289
MOBIO,93083,30,12,0.05651463091433165,0.030477002899025517,400,48,-0.01,1.0,0.016666666666666666,0.03,0.005228360415786008,0.011126187465414834,0.9551748962343465
MOBIO,93083,30,12,0.05651463091433165,0.030477002899025517,400,48,-0.01,2.0,0.016666666666666666,0.03,0.007394018208979206,0.01573480521109519,0.7179775669703159
MOBIO,93083,30,12,0.05651463091433165,0.030477002899025517,400,48,-0.02,1.0,0.016666666666666666,0.03,0.005228360415786008,0.011126187465414834,0.4147278370028816
MOBIO,93083,30,12,0.05651463091433165,0.030477002899025517,400,48,-0.02,2.0,0.016666666666666666,0.03,0.007394018208979206,0.01573480521109519,0.2189924129475671
MOBIO,93083,30,12,0.05651463091433165,0.030477002899025517,400,96,0.0,1.0,0.016666666666666666,0.03,0.004202410701360342,0.008942920065117852,0.9999997288583188
MOBIO,93083,30,12,0.05651463091433165,0.030477002899025517,400,96,0.0,2.0,0.016666666666666666,0.03,0.005943106208525627,0.01264719884330815,0.9982488326725687
MOBIO,93083,30,12,0.05651463091433165,0.030477002899025517,400,96,-0.01,1.0,0.016666666666666666,0.03,0.004202410701360342,0.008942920065117852,0.9957448995697251
MOBIO,93083,30,12,0.05651463091433165,0.030477002899025517,400,96,-0.01,2.0,0.016666666666666666,0.03,0.005943106208525627,0.01264719884330815,0.8919932718275797
MOBIO,93083,30,12,0.05651463091433165,0.030477002899025517,400,96,-0.02,1.0,0.016666666666666666,0.03,0.004202410701360342,0.008942920065117852,0.5993021899281508
MOBIO,93083,30,12,0.05651463091433165,0.030477002899025517,400,96,-0.02,2.0,0.016666666666666666,0.03,0.005943106208525627,0.01264719884330815,0.3280068860597555
MOBIO,93089,30,12,0.03167501085820558,0.01745366223150552,40,12,0.0,1.0,0.016666666666666666,0.03,0.007104119809141938,0.01511788830292364,0.981908125477677
MOBIO,93089,30,12,0.03167501085820558,0.01745366223150552,40,12,0.0,2.0,0.016666666666666666,0.03,0.010046742582811893,0.021379922672436186,0.8045530040871142
MOBIO,93089,30,12,0.03167501085820558,0.01745366223150552,40,12,-0.01,1.0,0.016666666666666666,0.03,0.007104119809141938,0.01511788830292364,0.7540287681233773
MOBIO,93089,30,12,0.03167501085820558,0.01745366223150552,40,12,-0.01,2.0,0.016666666666666666,0.03,0.010046742582811893,0.021379922672436186,0.44537697386846176
MOBIO,93089,30,12,0.03167501085820558,0.01745366223150552,40,12,-0.02,1.0,0.016666666666666666,0.03,0.007104119809141938,0.01511788830292364,0.2356358922864109
MOBIO,93089,30,12,0.03167501085820558,0.01745366223150552,40,12,-0.02,2.0,0.016666666666666666,0.03,0.010046742582811893,0.021379922672436186,0.1286706023980334
MOBIO,93089,30,12,0.03167501085820558,0.01745366223150552,40,24,0.0,1.0,0.016666666666666666,0.03,0.006146184836316303,0.013079359349342925,0.9970476895488429
MOBIO,93089,30,12,0.03167501085820558,0.01745366223150552,40,24,0.0,2.0,0.016666666666666666,0.03,0.008692017952370377,0.018497007378992104,0.9071483464274843
MOBIO,93089,30,12,0.03167501085820558,0.01745366223150552,40,24,-0.01,1.0,0.016666666666666666,0.03,0.006146184836316303,0.013079359349342925,0.8699184980376558
MOBIO,93089,30,12,0.03167501085820558,0.01745366223150552,40,24,-0.01,2.0,0.016666666666666666,0.03,0.008692017952370377,0.018497007378992104,0.568641437344437
MOBIO,93089,30,12,0.03167501085820558,0.01745366223150552,40,24,-0.02,1.0,0.016666666666666666,0.03,0.006146184836316303,0.013079359349342925,0.3081786483706227
MOBIO,93089,30,12,0.03167501085820558,0.01745366223150552,40,24,-0.02,2.0,0.016666666666666666,0.03,0.008692017952370377,0.018497007378992104,0.16414490407416987
MOBIO,93089,30,12,0.03167501085820558,0.01745366223150552,40,48,0.0,1.0,0.016666666666666666,0.03,0.005606168293221784,0.011930179718429582,0.9993661723129953
MOBIO,93089,30,12,0.03167501085820558,0.01745366223150552,40,48,0.0,2.0,0.016666666666666666,0.03,0.007928319233220273,0.016871821959351548,0.9511248027189437
MOBIO,93089,30,12,0.03167501085820558,0.01745366223150552,40,48,-0.01,1.0,0.016666666666666666,0.03,0.005606168293221784,0.011930179718429582,0.924989005361342
MOBIO,93089,30,12,0.03167501085820558,0.01745366223150552,40,48,-0.01,2.0,0.016666666666666666,0.03,0.007928319233220273,0.016871821959351548,0.6534152684709476
MOBIO,93089,30,12,0.03167501085820558,0.01745366223150552,40,48,-0.02,1.0,0.016666666666666666,0.03,0.005606168293221784,0.011930179718429582,0.36531195340308376
MOBIO,93089,30,12,0.03167501085820558,0.01745366223150552,40,48,-0.02,2.0,0.016666666666666666,0.03,0.007928319233220273,0.016871821959351548,0.19304118600221154
MOBIO,93089,30,12,0.03167501085820558,0.01745366223150552,40,96,0.0,1.0,0.016666666666666666,0.03,0.005315626997523965,0.011311894698785909,0.9997806949426922
MOBIO,93089,30,12,0.03167501085820558,0.01745366223150552,40,96,0.0,2.0,0.016666666666666666,0.03,0.007517431792414965,0.01599743489915935,0.9687463048336253
MOBIO,93089,30,12,0.03167501085820558,0.01745366223150552,40,96,-0.01,1.0,0.016666666666666666,0.03,0.005315626997523965,0.011311894698785909,0.948917382295797
MOBIO,93089,30,12,0.03167501085820558,0.01745366223150552,40,96,-0.01,2.0,0.016666666666666666,0.03,0.007517431792414965,0.01599743489915935,0.7027886063952875
MOBIO,93089,30,12,0.03167501085820558,0.01745366223150552,40,96,-0.02,1.0,0.016666666666666666,0.03,0.005315626997523965,0.011311894698785909,0.4025316540622531
MOBIO,93089,30,12,0.03167501085820558,0.01745366223150552,40,96,-0.02,2.0,0.016666666666666666,0.03,0.007517431792414965,0.01599743489915935,0.2124922068880291
MOBIO,93089,30,12,0.03167501085820558,0.01745366223150552,100,12,0.0,1.0,0.016666666666666666,0.03,0.005951379971874698,0.012664805785971914,0.9982089943965605
MOBIO,93089,30,12,0.03167501085820558,0.01745366223150552,100,12,0.0,2.0,0.016666666666666666,0.03,0.008416522271060807,0.017910740107342726,0.9245517919970534
MOBIO,93089,30,12,0.03167501085820558,0.01745366223150552,100,12,-0.01,1.0,0.016666666666666666,0.03,0.005951379971874698,0.012664805785971914,0.891122530112987
MOBIO,93089,30,12,0.03167501085820558,0.01745366223150552,100,12,-0.01,2.0,0.016666666666666666,0.03,0.008416522271060807,0.017910740107342726,0.5980229932006046
MOBIO,93089,30,12,0.03167501085820558,0.01745366223150552,100,12,-0.02,1.0,0.016666666666666666,0.03,0.005951379971874698,0.012664805785971914,0.3271622436159123
MOBIO,93089,30,12,0.03167501085820558,0.01745366223150552,100,12,-0.02,2.0,0.016666666666666666,0.03,0.008416522271060807,0.017910740107342726,0.1736328797815343
MOBIO,93089,30,12,0.03167501085820558,0.01745366223150552,100,24,0.0,1.0,0.016666666666666666,0.03,0.00476717876203031,0.010144772045046473,0.9999844313470425
MOBIO,93089,30,12,0.03167501085820558,0.01745366223150552,100,24,0.0,2.0,0.016666666666666666,0.03,0.006741808859520246,0.014346874213288162,0.989878122303222
MOBIO,93089,30,12,0.03167501085820558,0.01745366223150552,100,24,-0.01,1.0,0.016666666666666666,0.03,0.00476717876203031,0.010144772045046473,0.9806474410290105
MOBIO,93089,30,12,0.03167501085820558,0.01745366223150552,100,24,-0.01,2.0,0.016666666666666666,0.03,0.006741808859520246,0.014346874213288162,0.7991299831189393
MOBIO,93089,30,12,0.03167501085820558,0.01745366223150552,100,24,-0.02,1.0,0.016666666666666666,0.03,0.00476717876203031,0.010144772045046473,0.4878865852504547
MOBIO,93089,30,12,0.03167501085820558,0.01745366223150552,100,24,-0.02,2.0,0.016666666666666666,0.03,0.006741808859520246,0.014346874213288162,0.25954013625867023
MOBIO,93089,30,12,0.03167501085820558,0.01745366223150552,100,48,0.0,1.0,0.016666666666666666,0.03,0.00404716298645281,0.008612545905290769,0.9999999369945456
MOBIO,93089,30,12,0.03167501085820558,0.01745366223150552,100,48,0.0,2.0,0.016666666666666666,0.03,0.005723552784575963,0.012179979225823073,0.9990754446867309
MOBIO,93089,30,12,0.03167501085820558,0.01745366223150552,100,48,-0.01,1.0,0.016666666666666666,0.03,0.00404716298645281,0.008612545905290769,0.9975511633987955
MOBIO,93089,30,12,0.03167501085820558,0.01745366223150552,100,48,-0.01,2.0,0.016666666666666666,0.03,0.005723552784575963,0.012179979225823073,0.9140756874775062
MOBIO,93089,30,12,0.03167501085820558,0.01745366223150552,100,48,-0.02,1.0,0.016666666666666666,0.03,0.00404716298645281,0.008612545905290769,0.6341335884598787
MOBIO,93089,30,12,0.03167501085820558,0.01745366223150552,100,48,-0.02,2.0,0.016666666666666666,0.03,0.005723552784575963,0.012179979225823073,0.3516466368057396
MOBIO,93089,30,12,0.03167501085820558,0.01745366223150552,100,96,0.0,1.0,0.016666666666666666,0.03,0.0036340467366001257,0.007733415838627391,0.9999999995528459
MOBIO,93089,30,12,0.03167501085820558,0.01745366223150552,100,96,0.0,2.0,0.016666666666666666,0.03,0.005139318181197584,0.01093670156245776,0.9998960855097627
MOBIO,93089,30,12,0.03167501085820558,0.01745366223150552,100,96,-0.01,1.0,0.016666666666666666,0.03,0.0036340467366001257,0.007733415838627391,0.9996315397370854
MOBIO,93089,30,12,0.03167501085820558,0.01745366223150552,100,96,-0.01,2.0,0.016666666666666666,0.03,0.005139318181197584,0.01093670156245776,0.9610937182159205
MOBIO,93089,30,12,0.03167501085820558,0.01745366223150552,100,96,-0.02,1.0,0.016666666666666666,0.03,0.0036340467366001257,0.007733415838627391,0.733590328464878
MOBIO,93089,30,12,0.03167501085820558,0.01745366223150552,100,96,-0.02,2.0,0.016666666666666666,0.03,0.005139318181197584,0.01093670156245776,0.4276886241098872
MOBIO,93089,30,12,0.03167501085820558,0.01745366223150552,200,12,0.0,1.0,0.016666666666666666,0.03,0.005513836414448117,0.011733693303841936,0.999538185761307
MOBIO,93089,30,12,0.03167501085820558,0.01745366223150552,200,12,0.0,2.0,0.016666666666666666,0.03,0.007797742238019165,0.016593948207019635,0.9572130426712491
MOBIO,93089,30,12,0.03167501085820558,0.01745366223150552,200,12,-0.01,1.0,0.016666666666666666,0.03,0.005513836414448117,0.011733693303841936,0.9330882556885343
MOBIO,93089,30,12,0.03167501085820558,0.01745366223150552,200,12,-0.01,2.0,0.016666666666666666,0.03,0.007797742238019165,0.016593948207019635,0.668871706711269
MOBIO,93089,30,12,0.03167501085820558,0.01745366223150552,200,12,-0.02,1.0,0.016666666666666666,0.03,0.005513836414448117,0.011733693303841936,0.37659877126745794
MOBIO,93089,30,12,0.03167501085820558,0.01745366223150552,200,12,-0.02,2.0,0.016666666666666666,0.03,0.007797742238019165,0.016593948207019635,0.1988816160523731
MOBIO,93089,30,12,0.03167501085820558,0.01745366223150552,200,24,0.0,1.0,0.016666666666666666,0.03,0.004208261135530403,0.008955370053671363,0.9999997145205292
MOBIO,93089,30,12,0.03167501085820558,0.01745366223150552,200,24,0.0,2.0,0.016666666666666666,0.03,0.005951379971874698,0.012664805785971914,0.9982089943965605
MOBIO,93089,30,12,0.03167501085820558,0.01745366223150552,200,24,-0.01,1.0,0.016666666666666666,0.03,0.004208261135530403,0.008955370053671363,0.9956613324964545
MOBIO,93089,30,12,0.03167501085820558,0.01745366223150552,200,24,-0.01,2.0,0.016666666666666666,0.03,0.005951379971874698,0.012664805785971914,0.891122530112987
MOBIO,93089,30,12,0.03167501085820558,0.01745366223150552,200,24,-0.02,1.0,0.016666666666666666,0.03,0.004208261135530403,0.008955370053671363,0.5980229932006046
MOBIO,93089,30,12,0.03167501085820558,0.01745366223150552,200,24,-0.02,2.0,0.016666666666666666,0.03,0.005951379971874698,0.012664805785971914,0.3271622436159123
MOBIO,93089,30,12,0.03167501085820558,0.01745366223150552,200,48,0.0,1.0,0.016666666666666666,0.03,0.003370904429760123,0.007173437106644081,0.9999999999936335
MOBIO,93089,30,12,0.03167501085820558,0.01745366223150552,200,48,0.0,2.0,0.016666666666666666,0.03,0.00476717876203031,0.010144772045046473,0.9999844313470425
MOBIO,93089,30,12,0.03167501085820558,0.01745366223150552,200,48,-0.01,1.0,0.016666666666666666,0.03,0.003370904429760123,0.007173437106644081,0.9999291209755488
MOBIO,93089,30,12,0.03167501085820558,0.01745366223150552,200,48,-0.01,2.0,0.016666666666666666,0.03,0.00476717876203031,0.010144772045046473,0.9806474410290105
MOBIO,93089,30,12,0.03167501085820558,0.01745366223150552,200,48,-0.02,1.0,0.016666666666666666,0.03,0.003370904429760123,0.007173437106644081,0.7991299831189393
MOBIO,93089,30,12,0.03167501085820558,0.01745366223150552,200,48,-0.02,2.0,0.016666666666666666,0.03,0.00476717876203031,0.010144772045046473,0.4878865852504547
MOBIO,93089,30,12,0.03167501085820558,0.01745366223150552,200,96,0.0,1.0,0.016666666666666666,0.03,0.0028617763922879815,0.006089989612911536,1.0
MOBIO,93089,30,12,0.03167501085820558,0.01745366223150552,200,96,0.0,2.0,0.016666666666666666,0.03,0.00404716298645281,0.008612545905290769,0.9999999369945456
MOBIO,93089,30,12,0.03167501085820558,0.01745366223150552,200,96,-0.01,1.0,0.016666666666666666,0.03,0.0028617763922879815,0.006089989612911536,0.9999994149094877
MOBIO,93089,30,12,0.03167501085820558,0.01745366223150552,200,96,-0.01,2.0,0.016666666666666666,0.03,0.00404716298645281,0.008612545905290769,0.9975511633987955
MOBIO,93089,30,12,0.03167501085820558,0.01745366223150552,200,96,-0.02,1.0,0.016666666666666666,0.03,0.0028617763922879815,0.006089989612911536,0.9140756874775062
MOBIO,93089,30,12,0.03167501085820558,0.01745366223150552,200,96,-0.02,2.0,0.016666666666666666,0.03,0.00404716298645281,0.008612545905290769,0.6341335884598787
MOBIO,93089,30,12,0.03167501085820558,0.01745366223150552,400,12,0.0,1.0,0.016666666666666666,0.03,0.005281489015715688,0.011239247529294111,0.999808966809686
MOBIO,93089,30,12,0.03167501085820558,0.01745366223150552,400,12,0.0,2.0,0.016666666666666666,0.03,0.007469153395549654,0.01589469628679603,0.9705188428937004
MOBIO,93089,30,12,0.03167501085820558,0.01745366223150552,400,12,-0.01,1.0,0.016666666666666666,0.03,0.005281489015715688,0.011239247529294111,0.9514184859856645
MOBIO,93089,30,12,0.03167501085820558,0.01745366223150552,400,12,-0.01,2.0,0.016666666666666666,0.03,0.007469153395549654,0.01589469628679603,0.7087149234634119
MOBIO,93089,30,12,0.03167501085820558,0.01745366223150552,400,12,-0.02,1.0,0.016666666666666666,0.03,0.005281489015715688,0.011239247529294111,0.4072441577087618
MOBIO,93089,30,12,0.03167501085820558,0.01745366223150552,400,12,-0.02,2.0,0.016666666666666666,0.03,0.007469153395549654,0.01589469628679603,0.2149959795214817
MOBIO,93089,30,12,0.03167501085820558,0.01745366223150552,400,24,0.0,1.0,0.016666666666666666,0.03,0.0038988711190095825,0.008296974103509817,0.9999999870038926
MOBIO,93089,30,12,0.03167501085820558,0.01745366223150552,400,24,0.0,2.0,0.016666666666666666,0.03,0.005513836414448117,0.011733693303841936,0.999538185761307
MOBIO,93089,30,12,0.03167501085820558,0.01745366223150552,400,24,-0.01,1.0,0.016666666666666666,0.03,0.0038988711190095825,0.008296974103509817,0.9986573731480424
MOBIO,93089,30,12,0.03167501085820558,0.01745366223150552,400,24,-0.01,2.0,0.016666666666666666,0.03,0.005513836414448117,0.011733693303841936,0.9330882556885343
MOBIO,93089,30,12,0.03167501085820558,0.01745366223150552,400,24,-0.02,1.0,0.016666666666666666,0.03,0.0038988711190095825,0.008296974103509817,0.668871706711269
MOBIO,93089,30,12,0.03167501085820558,0.01745366223150552,400,24,-0.02,2.0,0.016666666666666666,0.03,0.005513836414448117,0.011733693303841936,0.37659877126745794
MOBIO,93089,30,12,0.03167501085820558,0.01745366223150552,400,48,0.0,1.0,0.016666666666666666,0.03,0.002975689985937349,0.006332402892985957,0.9999999999999991
MOBIO,93089,30,12,0.03167501085820558,0.01745366223150552,400,48,0.0,2.0,0.016666666666666666,0.03,0.004208261135530403,0.008955370053671363,0.9999997145205292
MOBIO,93089,30,12,0.03167501085820558,0.01745366223150552,400,48,-0.01,1.0,0.016666666666666666,0.03,0.002975689985937349,0.006332402892985957,0.9999978162949098
MOBIO,93089,30,12,0.03167501085820558,0.01745366223150552,400,48,-0.01,2.0,0.016666666666666666,0.03,0.004208261135530403,0.008955370053671363,0.9956613324964545
MOBIO,93089,30,12,0.03167501085820558,0.01745366223150552,400,48,-0.02,1.0,0.016666666666666666,0.03,0.002975689985937349,0.006332402892985957,0.891122530112987
MOBIO,93089,30,12,0.03167501085820558,0.01745366223150552,400,48,-0.02,2.0,0.016666666666666666,0.03,0.004208261135530403,0.008955370053671363,0.5980229932006046
MOBIO,93089,30,12,0.03167501085820558,0.01745366223150552,400,96,0.0,1.0,0.016666666666666666,0.03,0.002383589381015155,0.005072386022523237,1.0
MOBIO,93089,30,12,0.03167501085820558,0.01745366223150552,400,96,0.0,2.0,0.016666666666666666,0.03,0.003370904429760123,0.007173437106644081,0.9999999999936335
MOBIO,93089,30,12,0.03167501085820558,0.01745366223150552,400,96,-0.01,1.0,0.016666666666666666,0.03,0.002383589381015155,0.005072386022523237,0.9999999998107695
MOBIO,93089,30,12,0.03167501085820558,0.01745366223150552,400,96,-0.01,2.0,0.016666666666666666,0.03,0.003370904429760123,0.007173437106644081,0.9999291209755488
MOBIO,93089,30,12,0.03167501085820558,0.01745366223150552,400,96,-0.02,1.0,0.016666666666666666,0.03,0.002383589381015155,0.005072386022523237,0.9806474410290105
MOBIO,93089,30,12,0.03167501085820558,0.01745366223150552,400,96,-0.02,2.0,0.016666666666666666,0.03,0.003370904429760123,0.007173437106644081,0.7991299831189393
SCface,93083,26,12,0.06548174024654085,0.046727392202813495,40,12,0.0,1.0,0.016666666666666666,0.03,0.017004427545471282,0.03618619099818403,0.35800411485252415
SCface,93083,26,12,0.06548174024654085,0.046727392202813495,40,12,0.0,2.0,0.016666666666666666,0.03,0.024047892055196123,0.05117500208025505,0.18928487292986906
SCface,93083,26,12,0.06548174024654085,0.046727392202813495,40,12,-0.01,1.0,0.016666666666666666,0.03,0.017004427545471282,0.03618619099818403,0.17057867565943424
SCface,93083,26,12,0.06548174024654085,0.046727392202813495,40,12,-0.01,2.0,0.016666666666666666,0.03,0.024047892055196123,0.05117500208025505,0.09742376169457273
SCface,93083,26,12,0.06548174024654085,0.046727392202813495,40,12,-0.02,1.0,0.016666666666666666,0.03,0.017004427545471282,0.03618619099818403,0.061784673822998515
SCface,93083,26,12,0.06548174024654085,0.046727392202813495,40,12,-0.02,2.0,0.016666666666666666,0.03,0.024047892055196123,0.05117500208025505,0.04342913767339146
SCface,93083,26,12,0.06548174024654085,0.046727392202813495,40,24,0.0,1.0,0.016666666666666666,0.03,0.01407741122849064,0.029957367874451687,0.5012081576016733
SCface,93083,26,12,0.06548174024654085,0.046727392202813495,40,24,0.0,2.0,0.016666666666666666,0.03,0.019908465882434754,0.04236611594104963,0.26725092365081926
SCface,93083,26,12,0.06548174024654085,0.046727392202813495,40,24,-0.01,1.0,0.016666666666666666,0.03,0.01407741122849064,0.029957367874451687,0.23968087676224842
SCface,93083,26,12,0.06548174024654085,0.046727392202813495,40,24,-0.01,2.0,0.016666666666666666,0.03,0.019908465882434754,0.04236611594104963,0.13062374594163162
SCface,93083,26,12,0.06548174024654085,0.046727392202813495,40,24,-0.02,1.0,0.016666666666666666,0.03,0.01407741122849064,0.029957367874451687,0.07814103190011856
SCface,93083,26,12,0.06548174024654085,0.046727392202813495,40,24,-0.02,2.0,0.016666666666666666,0.03,0.019908465882434754,0.04236611594104963,0.05200181172382706
SCface,93083,26,12,0.06548174024654085,0.046727392202813495,40,48,0.0,1.0,0.016666666666666666,0.03,0.012356576478517836,0.026295353685952153,0.6178396083492579
SCface,93083,26,12,0.06548174024654085,0.046727392202813495,40,48,0.0,2.0,0.016666666666666666,0.03,0.017474838040420302,0.037187245810070886,0.34042953797261255
SCface,93083,26,12,0.06548174024654085,0.046727392202813495,40,48,-0.01,1.0,0.016666666666666666,0.03,0.012356576478517836,0.026295353685952153,0.3052100306518177
SCface,93083,26,12,0.06548174024654085,0.046727392202813495,40,48,-0.01,2.0,0.016666666666666666,0.03,0.017474838040420302,0.037187245810070886,0.16267025562001092
SCface,93083,26,12,0.06548174024654085,0.046727392202813495,40,48,-0.02,1.0,0.016666666666666666,0.03,0.012356576478517836,0.026295353685952153,0.09362474953560818
SCface,93083,26,12,0.06548174024654085,0.046727392202813495,40,48,-0.02,2.0,0.016666666666666666,0.03,0.017474838040420302,0.037187245810070886,0.05987855876592463
SCface,93083,26,12,0.06548174024654085,0.046727392202813495,40,96,0.0,1.0,0.016666666666666666,0.03,0.0113991543526778,0.024257916093955008,0.6927740645940976
SCface,93083,26,12,0.06548174024654085,0.046727392202813495,40,96,0.0,2.0,0.016666666666666666,0.03,0.016120838685141244,0.03430587393497975,0.3946961334139366
SCface,93083,26,12,0.06548174024654085,0.046727392202813495,40,96,-0.01,1.0,0.016666666666666666,0.03,0.0113991543526778,0.024257916093955008,0.35437733822741624
SCface,93083,26,12,0.06548174024654085,0.046727392202813495,40,96,-0.01,2.0,0.016666666666666666,0.03,0.016120838685141244,0.03430587393497975,0.1874277574174013
SCface,93083,26,12,0.06548174024654085,0.046727392202813495,40,96,-0.02,1.0,0.016666666666666666,0.03,0.0113991543526778,0.024257916093955008,0.10550606721998668
SCface,93083,26,12,0.06548174024654085,0.046727392202813495,40,96,-0.02,2.0,0.016666666666666666,0.03,0.016120838685141244,0.03430587393497975,0.06581180757190352
SCface,93083,26,12,0.06548174024654085,0.046727392202813495,100,12,0.0,1.0,0.016666666666666666,0.03,0.014994421681527125,0.031908807598733796,0.4493510125342083
SCface,93083,26,12,0.06548174024654085,0.046727392202813495,100,12,0.0,2.0,0.016666666666666666,0.03,0.02120531450195685,0.045125868465283006,0.23782835280393771
SCface,93083,26,12,0.06548174024654085,0.046727392202813495,100,12,-0.01,1.0,0.016666666666666666,0.03,0.014994421681527125,0.031908807598733796,0.2135348867895328
SCface,93083,26,12,0.06548174024654085,0.046727392202813495,100,12,-0.01,2.0,0.016666666666666666,0.03,0.02120531450195685,0.045125868465283006,0.11803137187874368
SCface,93083,26,12,0.06548174024654085,0.046727392202813495,100,12,-0.02,1.0,0.016666666666666666,0.03,0.014994421681527125,0.031908807598733796,0.07198980887321799
SCface,93083,26,12,0.06548174024654085,0.046727392202813495,100,12,-0.02,2.0,0.016666666666666666,0.03,0.02120531450195685,0.045125868465283006,0.04881380939490443
SCface,93083,26,12,0.06548174024654085,0.046727392202813495,100,24,0.0,1.0,0.016666666666666666,0.03,0.011569599487895103,0.024620631051644207,0.6790189578330713
SCface,93083,26,12,0.06548174024654085,0.046727392202813495,100,24,0.0,2.0,0.016666666666666666,0.03,0.01636188450700607,0.034818830347419394,0.3841819696576041
SCface,93083,26,12,0.06548174024654085,0.046727392202813495,100,24,-0.01,1.0,0.016666666666666666,0.03,0.011569599487895103,0.024620631051644207,0.34480774737656333
SCface,93083,26,12,0.06548174024654085,0.046727392202813495,100,24,-0.01,2.0,0.016666666666666666,0.03,0.01636188450700607,0.034818830347419394,0.18254940947229115
SCface,93083,26,12,0.06548174024654085,0.046727392202813495,100,24,-0.02,1.0,0.016666666666666666,0.03,0.011569599487895103,0.024620631051644207,0.10316687356967813
SCface,93083,26,12,0.06548174024654085,0.046727392202813495,100,24,-0.02,2.0,0.016666666666666666,0.03,0.01636188450700607,0.034818830347419394,0.06464991980592666
SCface,93083,26,12,0.06548174024654085,0.046727392202813495,100,48,0.0,1.0,0.016666666666666666,0.03,0.00940037806068078,0.020004429731568817,0.8561806128127398
SCface,93083,26,12,0.06548174024654085,0.046727392202813495,100,48,0.0,2.0,0.016666666666666666,0.03,0.013294142144849254,0.028290535833924196,0.5511580801469952
SCface,93083,26,12,0.06548174024654085,0.046727392202813495,100,48,-0.01,1.0,0.016666666666666666,0.03,0.00940037806068078,0.020004429731568817,0.4998120068004903
SCface,93083,26,12,0.06548174024654085,0.046727392202813495,100,48,-0.01,2.0,0.016666666666666666,0.03,0.013294142144849254,0.028290535833924196,0.2664375262761318
SCface,93083,26,12,0.06548174024654085,0.046727392202813495,100,48,-0.02,1.0,0.016666666666666666,0.03,0.00940037806068078,0.020004429731568817,0.14360586694954736
SCface,93083,26,12,0.06548174024654085,0.046727392202813495,100,48,-0.02,2.0,0.016666666666666666,0.03,0.013294142144849254,0.028290535833924196,0.0844364804764754
SCface,93083,26,12,0.06548174024654085,0.046727392202813495,100,96,0.0,1.0,0.016666666666666666,0.03,0.008100792885294717,0.017238853692671047,0.9424059269926124
SCface,93083,26,12,0.06548174024654085,0.046727392202813495,100,96,0.0,2.0,0.016666666666666666,0.03,0.011456251164359265,0.024379420691940906,0.6881497060133115
SCface,93083,26,12,0.06548174024654085,0.046727392202813495,100,96,-0.01,1.0,0.016666666666666666,0.03,0.008100792885294717,0.017238853692671047,0.6333913305624346
SCface,93083,26,12,0.06548174024654085,0.046727392202813495,100,96,-0.01,2.0,0.016666666666666666,0.03,0.011456251164359265,0.024379420691940906,0.35112927175240616
SCface,93083,26,12,0.06548174024654085,0.046727392202813495,100,96,-0.02,1.0,0.016666666666666666,0.03,0.008100792885294717,0.017238853692671047,0.18576846309417355
SCface,93083,26,12,0.06548174024654085,0.046727392202813495,100,96,-0.02,2.0,0.016666666666666666,0.03,0.011456251164359265,0.024379420691940906,0.10471046060016259
SCface,93083,26,12,0.06548174024654085,0.046727392202813495,200,12,0.0,1.0,0.016666666666666666,0.03,0.014261605450820518,0.030349341511445194,0.49022878848774254
SCface,93083,26,12,0.06548174024654085,0.046727392202813495,200,12,0.0,2.0,0.016666666666666666,0.03,0.020168955849764435,0.04292045037457856,0.2608877996195072
SCface,93083,26,12,0.06548174024654085,0.046727392202813495,200,12,-0.01,1.0,0.016666666666666666,0.03,0.014261605450820518,0.030349341511445194,0.2340179197426145
SCface,93083,26,12,0.06548174024654085,0.046727392202813495,200,12,-0.01,2.0,0.016666666666666666,0.03,0.020168955849764435,0.04292045037457856,0.1278899421350343
SCface,93083,26,12,0.06548174024654085,0.046727392202813495,200,12,-0.02,1.0,0.016666666666666666,0.03,0.014261605450820518,0.030349341511445194,0.07680985175115723
SCface,93083,26,12,0.06548174024654085,0.046727392202813495,200,12,-0.02,2.0,0.016666666666666666,0.03,0.020168955849764435,0.04292045037457856,0.051315127086776824
SCface,93083,26,12,0.06548174024654085,0.046727392202813495,200,24,0.0,1.0,0.016666666666666666,0.03,0.010602657250978425,0.022562934232641503,0.7584839386799733
SCface,93083,26,12,0.06548174024654085,0.046727392202813495,200,24,0.0,2.0,0.016666666666666666,0.03,0.014994421681527125,0.031908807598733796,0.4493510125342083
SCface,93083,26,12,0.06548174024654085,0.046727392202813495,200,24,-0.01,1.0,0.016666666666666666,0.03,0.010602657250978425,0.022562934232641503,0.4044963758972308
SCface,93083,26,12,0.06548174024654085,0.046727392202813495,200,24,-0.01,2.0,0.016666666666666666,0.03,0.014994421681527125,0.031908807598733796,0.2135348867895328
SCface,93083,26,12,0.06548174024654085,0.046727392202813495,200,24,-0.02,1.0,0.016666666666666666,0.03,0.010602657250978425,0.022562934232641503,0.11803137187874368
SCface,93083,26,12,0.06548174024654085,0.046727392202813495,200,24,-0.02,2.0,0.016666666666666666,0.03,0.014994421681527125,0.031908807598733796,0.07198980887321799
SCface,93083,26,12,0.06548174024654085,0.046727392202813495,200,48,0.0,1.0,0.016666666666666666,0.03,0.008180942253503035,0.017409415173709697,0.9380995632347819
SCface,93083,26,12,0.06548174024654085,0.046727392202813495,200,48,0.0,2.0,0.016666666666666666,0.03,0.011569599487895103,0.024620631051644207,0.6790189578330713
SCface,93083,26,12,0.06548174024654085,0.046727392202813495,200,48,-0.01,1.0,0.016666666666666666,0.03,0.008180942253503035,0.017409415173709697,0.6242495532654192
SCface,93083,26,12,0.06548174024654085,0.046727392202813495,200,48,-0.01,2.0,0.016666666666666666,0.03,0.011569599487895103,0.024620631051644207,0.34480774737656333
SCface,93083,26,12,0.06548174024654085,0.046727392202813495,200,48,-0.02,1.0,0.016666666666666666,0.03,0.008180942253503035,0.017409415173709697,0.18254940947229115
SCface,93083,26,12,0.06548174024654085,0.046727392202813495,200,48,-0.02,2.0,0.016666666666666666,0.03,0.011569599487895103,0.024620631051644207,0.10316687356967813
SCface,93083,26,12,0.06548174024654085,0.046727392202813495,200,96,0.0,1.0,0.016666666666666666,0.03,0.006647071072424627,0.014145267916962098,0.9914655630202323
SCface,93083,26,12,0.06548174024654085,0.046727392202813495,200,96,0.0,2.0,0.016666666666666666,0.03,0.00940037806068078,0.020004429731568817,0.8561806128127398
SCface,93083,26,12,0.06548174024654085,0.046727392202813495,200,96,-0.01,1.0,0.016666666666666666,0.03,0.006647071072424627,0.014145267916962098,0.8107866295677295
SCface,93083,26,12,0.06548174024654085,0.046727392202813495,200,96,-0.01,2.0,0.016666666666666666,0.03,0.00940037806068078,0.020004429731568817,0.4998120068004903
SCface,93083,26,12,0.06548174024654085,0.046727392202813495,200,96,-0.02,1.0,0.016666666666666666,0.03,0.006647071072424627,0.014145267916962098,0.2664375262761318
SCface,93083,26,12,0.06548174024654085,0.046727392202813495,200,96,-0.02,2.0,0.016666666666666666,0.03,0.00940037806068078,0.020004429731568817,0.14360586694954736
SCface,93083,26,12,0.06548174024654085,0.046727392202813495,400,12,0.0,1.0,0.016666666666666666,0.03,0.013880696822227078,0.029538750719706984,0.5132542323543473
SCface,93083,26,12,0.06548174024654085,0.046727392202813495,400,12,0.0,2.0,0.016666666666666666,0.03,0.019630269701182656,0.041774101883367644,0.27432203962243173
SCface,93083,26,12,0.06548174024654085,0.046727392202813495,400,12,-0.01,1.0,0.016666666666666666,0.03,0.013880696822227078,0.029538750719706984,0.2459798078397213
SCface,93083,26,12,0.06548174024654085,0.046727392202813495,400,12,-0.01,2.0,0.016666666666666666,0.03,0.019630269701182656,0.041774101883367644,0.13366968526665657
SCface,93083,26,12,0.06548174024654085,0.046727392202813495,400,12,-0.02,1.0,0.016666666666666666,0.03,0.013880696822227078,0.029538750719706984,0.07962176555064432
SCface,93083,26,12,0.06548174024654085,0.046727392202813495,400,12,-0.02,2.0,0.016666666666666666,0.03,0.019630269701182656,0.041774101883367644,0.05276367605591259
SCface,93083,26,12,0.06548174024654085,0.046727392202813495,400,24,0.0,1.0,0.016666666666666666,0.03,0.010084477924882217,0.02146022518728928,0.8014532993020618
SCface,93083,26,12,0.06548174024654085,0.046727392202813495,400,24,0.0,2.0,0.016666666666666666,0.03,0.014261605450820518,0.030349341511445194,0.49022878848774254
SCface,93083,26,12,0.06548174024654085,0.046727392202813495,400,24,-0.01,1.0,0.016666666666666666,0.03,0.010084477924882217,0.02146022518728928,0.44243467361005223
SCface,93083,26,12,0.06548174024654085,0.046727392202813495,400,24,-0.01,2.0,0.016666666666666666,0.03,0.014261605450820518,0.030349341511445194,0.2340179197426145
SCface,93083,26,12,0.06548174024654085,0.046727392202813495,400,24,-0.02,1.0,0.016666666666666666,0.03,0.010084477924882217,0.02146022518728928,0.1278899421350343
SCface,93083,26,12,0.06548174024654085,0.046727392202813495,400,24,-0.02,2.0,0.016666666666666666,0.03,0.014261605450820518,0.030349341511445194,0.07680985175115723
SCface,93083,26,12,0.06548174024654085,0.046727392202813495,400,48,0.0,1.0,0.016666666666666666,0.03,0.007497210840763563,0.015954403799366898,0.9694963726494781
SCface,93083,26,12,0.06548174024654085,0.046727392202813495,400,48,0.0,2.0,0.016666666666666666,0.03,0.010602657250978425,0.022562934232641503,0.7584839386799733
SCface,93083,26,12,0.06548174024654085,0.046727392202813495,400,48,-0.01,1.0,0.016666666666666666,0.03,0.007497210840763563,0.015954403799366898,0.7052681985776196
SCface,93083,26,12,0.06548174024654085,0.046727392202813495,400,48,-0.01,2.0,0.016666666666666666,0.03,0.010602657250978425,0.022562934232641503,0.4044963758972308
SCface,93083,26,12,0.06548174024654085,0.046727392202813495,400,48,-0.02,1.0,0.016666666666666666,0.03,0.007497210840763563,0.015954403799366898,0.2135348867895328
SCface,93083,26,12,0.06548174024654085,0.046727392202813495,400,48,-0.02,2.0,0.016666666666666666,0.03,0.010602657250978425,0.022562934232641503,0.11803137187874368
SCface,93083,26,12,0.06548174024654085,0.046727392202813495,400,96,0.0,1.0,0.016666666666666666,0.03,0.005784799743947551,0.012310315525822103,0.9988857522728012
SCface,93083,26,12,0.06548174024654085,0.046727392202813495,400,96,0.0,2.0,0.016666666666666666,0.03,0.008180942253503035,0.017409415173709697,0.9380995632347819
SCface,93083,26,12,0.06548174024654085,0.046727392202813495,400,96,-0.01,1.0,0.016666666666666666,0.03,0.005784799743947551,0.012310315525822103,0.9081240726010291
SCface,93083,26,12,0.06548174024654085,0.046727392202813495,400,96,-0.01,2.0,0.016666666666666666,0.03,0.008180942253503035,0.017409415173709697,0.6242495532654192
SCface,93083,26,12,0.06548174024654085,0.046727392202813495,400,96,-0.02,1.0,0.016666666666666666,0.03,0.005784799743947551,0.012310315525822103,0.34480774737656333
SCface,93083,26,12,0.06548174024654085,0.046727392202813495,400,96,-0.02,2.0,0.016666666666666666,0.03,0.008180942253503035,0.017409415173709697,0.18254940947229115
SCface,93089,26,12,0.05287557382885854,0.05928296433735164,40,12,0.0,1.0,0.016666666666666666,0.03,0.019046473323914473,0.040531756784987626,0.2901486558985845
SCface,93089,26,12,0.05287557382885854,0.05928296433735164,40,12,0.0,2.0,0.016666666666666666,0.03,0.02693578089005721,0.05732056015213722,0.15522337526386581
SCface,93089,26,12,0.05287557382885854,0.05928296433735164,40,12,-0.01,1.0,0.016666666666666666,0.03,0.019046473323914473,0.040531756784987626,0.1405208783791833
SCface,93089,26,12,0.05287557382885854,0.05928296433735164,40,12,-0.01,2.0,0.016666666666666666,0.03,0.02693578089005721,0.05732056015213722,0.08294394167173058
SCface,93089,26,12,0.05287557382885854,0.05928296433735164,40,12,-0.02,1.0,0.016666666666666666,0.03,0.019046473323914473,0.040531756784987626,0.05446581988899257
SCface,93089,26,12,0.05287557382885854,0.05928296433735164,40,12,-0.02,2.0,0.016666666666666666,0.03,0.02693578089005721,0.05732056015213722,0.03947664798059353
SCface,93089,26,12,0.05287557382885854,0.05928296433735164,40,24,0.0,1.0,0.016666666666666666,0.03,0.01470822565389623,0.031299769506091195,0.4647912048591594
SCface,93089,26,12,0.05287557382885854,0.05928296433735164,40,24,0.0,2.0,0.016666666666666666,0.03,0.020800572198183934,0.044264558534666,0.24642680232839365
SCface,93089,26,12,0.05287557382885854,0.05928296433735164,40,24,-0.01,1.0,0.016666666666666666,0.03,0.01470822565389623,0.031299769506091195,0.22116580012939074
SCface,93089,26,12,0.05287557382885854,0.05928296433735164,40,24,-0.01,2.0,0.016666666666666666,0.03,0.020800572198183934,0.044264558534666,0.12169946203951842
SCface,93089,26,12,0.05287557382885854,0.05928296433735164,40,24,-0.02,1.0,0.016666666666666666,0.03,0.01470822565389623,0.031299769506091195,0.07378705302655081
SCface,93089,26,12,0.05287557382885854,0.05928296433735164,40,24,-0.02,2.0,0.016666666666666666,0.03,0.020800572198183934,0.044264558534666,0.04974930539587108
SCface,93089,26,12,0.05287557382885854,0.05928296433735164,40,48,0.0,1.0,0.016666666666666666,0.03,0.011963017169159458,0.025457841673302926,0.6479097561219518
SCface,93089,26,12,0.05287557382885854,0.05928296433735164,40,48,0.0,2.0,0.016666666666666666,0.03,0.016918261127527496,0.03600282496313196,0.3613647119621216
SCface,93089,26,12,0.05287557382885854,0.05928296433735164,40,48,-0.01,1.0,0.016666666666666666,0.03,0.011963017169159458,0.025457841673302926,0.3241136691784375
SCface,93089,26,12,0.05287557382885854,0.05928296433735164,40,48,-0.01,2.0,0.016666666666666666,0.03,0.016918261127527496,0.03600282496313196,0.17210218223938262
SCface,93089,26,12,0.05287557382885854,0.05928296433735164,40,48,-0.02,1.0,0.016666666666666666,0.03,0.011963017169159458,0.025457841673302926,0.09815507569625515
SCface,93089,26,12,0.05287557382885854,0.05928296433735164,40,48,-0.02,2.0,0.016666666666666666,0.03,0.016918261127527496,0.03600282496313196,0.06215058018361552
SCface,93089,26,12,0.05287557382885854,0.05928296433735164,40,96,0.0,1.0,0.016666666666666666,0.03,0.010320112341512585,0.02196166588460949,0.7819806484248824
SCface,93089,26,12,0.05287557382885854,0.05928296433735164,40,96,0.0,2.0,0.016666666666666666,0.03,0.014594842838581056,0.03105848574632126,0.47109219796335416
SCface,93089,26,12,0.05287557382885854,0.05928296433735164,40,96,-0.01,1.0,0.016666666666666666,0.03,0.010320112341512585,0.02196166588460949,0.42462250232613524
SCface,93089,26,12,0.05287557382885854,0.05928296433735164,40,96,-0.01,2.0,0.016666666666666666,0.03,0.014594842838581056,0.03105848574632126,0.22431584665950838
SCface,93089,26,12,0.05287557382885854,0.05928296433735164,40,96,-0.02,1.0,0.016666666666666666,0.03,0.010320112341512585,0.02196166588460949,0.12321514423470364
SCface,93089,26,12,0.05287557382885854,0.05928296433735164,40,96,-0.02,2.0,0.016666666666666666,0.03,0.014594842838581056,0.03105848574632126,0.07452830781536063
SCface,93089,26,12,0.05287557382885854,0.05928296433735164,100,12,0.0,1.0,0.016666666666666666,0.03,0.017911748978327594,0.03811701204924779,0.3252142766773547
SCface,93089,26,12,0.05287557382885854,0.05928296433735164,100,12,0.0,2.0,0.016666666666666666,0.03,0.02533103833097331,0.05390559539718491,0.17265447965561598
SCface,93089,26,12,0.05287557382885854,0.05928296433735164,100,12,-0.01,1.0,0.016666666666666666,0.03,0.017911748978327594,0.03811701204924779,0.15589823269749697
SCface,93089,26,12,0.05287557382885854,0.05928296433735164,100,12,-0.01,2.0,0.016666666666666666,0.03,0.02533103833097331,0.05390559539718491,0.09036674637038128
SCface,93089,26,12,0.05287557382885854,0.05928296433735164,100,12,-0.02,1.0,0.016666666666666666,0.03,0.017911748978327594,0.03811701204924779,0.05823635553343903
SCface,93089,26,12,0.05287557382885854,0.05928296433735164,100,12,-0.02,2.0,0.016666666666666666,0.03,0.02533103833097331,0.05390559539718491,0.04152361165909557
SCface,93089,26,12,0.05287557382885854,0.05928296433735164,100,24,0.0,1.0,0.016666666666666666,0.03,0.013205851251243335,0.028102648818564186,0.5571214583081583
SCface,93089,26,12,0.05287557382885854,0.05928296433735164,100,24,0.0,2.0,0.016666666666666666,0.03,0.01867589394219003,0.03974314709782171,0.30094085720231745
SCface,93089,26,12,0.05287557382885854,0.05928296433735164,100,24,-0.01,1.0,0.016666666666666666,0.03,0.013205851251243335,0.028102648818564186,0.2697513914988451
SCface,93089,26,12,0.05287557382885854,0.05928296433735164,100,24,-0.01,2.0,0.016666666666666666,0.03,0.01867589394219003,0.03974314709782171,0.14522247373529085
SCface,93089,26,12,0.05287557382885854,0.05928296433735164,100,24,-0.02,1.0,0.016666666666666666,0.03,0.013205851251243335,0.028102648818564186,0.08521785357677714
SCface,93089,26,12,0.05287557382885854,0.05928296433735164,100,24,-0.02,2.0,0.016666666666666666,0.03,0.01867589394219003,0.03974314709782171,0.05562546714315997
SCface,93089,26,12,0.05287557382885854,0.05928296433735164,100,48,0.0,1.0,0.016666666666666666,0.03,0.010058647283488865,0.021405256413976215,0.8035757945511465
SCface,93089,26,12,0.05287557382885854,0.05928296433735164,100,48,0.0,2.0,0.016666666666666666,0.03,0.014225075407437242,0.03027160392671884,0.4923833298851915
SCface,93089,26,12,0.05287557382885854,0.05928296433735164,100,48,-0.01,1.0,0.016666666666666666,0.03,0.010058647283488865,0.021405256413976215,0.44444602352808044
SCface,93089,26,12,0.05287557382885854,0.05928296433735164,100,48,-0.01,2.0,0.016666666666666666,0.03,0.014225075407437242,0.03027160392671884,0.23512347931441863
SCface,93089,26,12,0.05287557382885854,0.05928296433735164,100,48,-0.02,1.0,0.016666666666666666,0.03,0.010058647283488865,0.021405256413976215,0.12842333147149337
SCface,93089,26,12,0.05287557382885854,0.05928296433735164,100,48,-0.02,2.0,0.016666666666666666,0.03,0.014225075407437242,0.03027160392671884,0.07706974644203135
SCface,93089,26,12,0.05287557382885854,0.05928296433735164,100,96,0.0,1.0,0.016666666666666666,0.03,0.008035379525913777,0.017099651104988407,0.9458018956760103
SCface,93089,26,12,0.05287557382885854,0.05928296433735164,100,96,0.0,2.0,0.016666666666666666,0.03,0.011363742704362354,0.02418255850452269,0.6956500207291353
SCface,93089,26,12,0.05287557382885854,0.05928296433735164,100,96,-0.01,1.0,0.016666666666666666,0.03,0.008035379525913777,0.017099651104988407,0.6409305946029622
SCface,93089,26,12,0.05287557382885854,0.05928296433735164,100,96,-0.01,2.0,0.016666666666666666,0.03,0.011363742704362354,0.02418255850452269,0.3564136126326566
SCface,93089,26,12,0.05287557382885854,0.05928296433735164,100,96,-0.02,1.0,0.016666666666666666,0.03,0.008035379525913777,0.017099651104988407,0.1884698748915909
SCface,93089,26,12,0.05287557382885854,0.05928296433735164,100,96,-0.02,2.0,0.016666666666666666,0.03,0.011363742704362354,0.02418255850452269,0.10600573840921101
SCface,93089,26,12,0.05287557382885854,0.05928296433735164,200,12,0.0,1.0,0.016666666666666666,0.03,0.017517180707064827,0.03727735292002646,0.3389095938095852
SCface,93089,26,12,0.05287557382885854,0.05928296433735164,200,12,0.0,2.0,0.016666666666666666,0.03,0.024773034530471402,0.05271813806886971,0.17955793706624107
SCface,93089,26,12,0.05287557382885854,0.05928296433735164,200,12,-0.01,1.0,0.016666666666666666,0.03,0.017517180707064827,0.03727735292002646,0.16199075325175522
SCface,93089,26,12,0.05287557382885854,0.05928296433735164,200,12,-0.01,2.0,0.016666666666666666,0.03,0.024773034530471402,0.05271813806886971,0.0932980722365489
SCface,93089,26,12,0.05287557382885854,0.05928296433735164,200,12,-0.02,1.0,0.016666666666666666,0.03,0.017517180707064827,0.03727735292002646,0.05971422007556915
SCface,93089,26,12,0.05287557382885854,0.05928296433735164,200,12,-0.02,2.0,0.016666666666666666,0.03,0.024773034530471402,0.05271813806886971,0.04231958628316346
SCface,93089,26,12,0.05287557382885854,0.05928296433735164,200,24,0.0,1.0,0.016666666666666666,0.03,0.012665519165486656,0.026952797698592455,0.5950637036841284
SCface,93089,26,12,0.05287557382885854,0.05928296433735164,200,24,0.0,2.0,0.016666666666666666,0.03,0.017911748978327594,0.03811701204924779,0.3252142766773547
SCface,93089,26,12,0.05287557382885854,0.05928296433735164,200,24,-0.01,1.0,0.016666666666666666,0.03,0.012665519165486656,0.026952797698592455,0.29151823040167374
SCface,93089,26,12,0.05287557382885854,0.05928296433735164,200,24,-0.01,2.0,0.016666666666666666,0.03,0.017911748978327594,0.03811701204924779,0.15589823269749697
SCface,93089,26,12,0.05287557382885854,0.05928296433735164,200,24,-0.02,1.0,0.016666666666666666,0.03,0.012665519165486656,0.026952797698592455,0.09036674637038128
SCface,93089,26,12,0.05287557382885854,0.05928296433735164,200,24,-0.02,2.0,0.016666666666666666,0.03,0.017911748978327594,0.03811701204924779,0.05823635553343903
SCface,93089,26,12,0.05287557382885854,0.05928296433735164,200,48,0.0,1.0,0.016666666666666666,0.03,0.009337946971095015,0.019871573548910854,0.8609621778861503
SCface,93089,26,12,0.05287557382885854,0.05928296433735164,200,48,0.0,2.0,0.016666666666666666,0.03,0.013205851251243335,0.028102648818564186,0.5571214583081583
SCface,93089,26,12,0.05287557382885854,0.05928296433735164,200,48,-0.01,1.0,0.016666666666666666,0.03,0.009337946971095015,0.019871573548910854,0.5054865514112755
SCface,93089,26,12,0.05287557382885854,0.05928296433735164,200,48,-0.01,2.0,0.016666666666666666,0.03,0.013205851251243335,0.028102648818564186,0.2697513914988451
SCface,93089,26,12,0.05287557382885854,0.05928296433735164,200,48,-0.02,1.0,0.016666666666666666,0.03,0.009337946971095015,0.019871573548910854,0.14522247373529085
SCface,93089,26,12,0.05287557382885854,0.05928296433735164,200,48,-0.02,2.0,0.016666666666666666,0.03,0.013205851251243335,0.028102648818564186,0.08521785357677714
SCface,93089,26,12,0.05287557382885854,0.05928296433735164,200,96,0.0,1.0,0.016666666666666666,0.03,0.007112537703718621,0.01513580196335942,0.9816847479369779
SCface,93089,26,12,0.05287557382885854,0.05928296433735164,200,96,0.0,2.0,0.016666666666666666,0.03,0.010058647283488865,0.021405256413976215,0.8035757945511465
SCface,93089,26,12,0.05287557382885854,0.05928296433735164,200,96,-0.01,1.0,0.016666666666666666,0.03,0.007112537703718621,0.01513580196335942,0.7529778908360225
SCface,93089,26,12,0.05287557382885854,0.05928296433735164,200,96,-0.01,2.0,0.016666666666666666,0.03,0.010058647283488865,0.021405256413976215,0.44444602352808044
SCface,93089,26,12,0.05287557382885854,0.05928296433735164,200,96,-0.02,1.0,0.016666666666666666,0.03,0.007112537703718621,0.01513580196335942,0.23512347931441863
SCface,93089,26,12,0.05287557382885854,0.05928296433735164,200,96,-0.02,2.0,0.016666666666666666,0.03,0.010058647283488865,0.021405256413976215,0.12842333147149337
SCface,93089,26,12,0.05287557382885854,0.05928296433735164,400,12,0.0,1.0,0.016666666666666666,0.03,0.01731652546426784,0.03685034948687809,0.34620151695803797
SCface,93089,26,12,0.05287557382885854,0.05928296433735164,400,12,0.0,2.0,0.016666666666666666,0.03,0.024489265164746636,0.05211426402253143,0.18325798916924996
SCface,93089,26,12,0.05287557382885854,0.05928296433735164,400,12,-0.01,1.0,0.016666666666666666,0.03,0.01731652546426784,0.03685034948687809,0.16525698848400083
SCface,93089,26,12,0.05287557382885854,0.05928296433735164,400,12,-0.01,2.0,0.016666666666666666,0.03,0.024489265164746636,0.05211426402253143,0.09486793651512099
SCface,93089,26,12,0.05287557382885854,0.05928296433735164,400,12,-0.02,1.0,0.016666666666666666,0.03,0.01731652546426784,0.03685034948687809,0.06050332064171854
SCface,93089,26,12,0.05287557382885854,0.05928296433735164,400,12,-0.02,2.0,0.016666666666666666,0.03,0.024489265164746636,0.05211426402253143,0.04274321647462265
SCface,93089,26,12,0.05287557382885854,0.05928296433735164,400,24,0.0,1.0,0.016666666666666666,0.03,0.012386517265235701,0.026359069034434857,0.6155992986639186
SCface,93089,26,12,0.05287557382885854,0.05928296433735164,400,24,0.0,2.0,0.016666666666666666,0.03,0.017517180707064827,0.03727735292002646,0.3389095938095852
SCface,93089,26,12,0.05287557382885854,0.05928296433735164,400,24,-0.01,1.0,0.016666666666666666,0.03,0.012386517265235701,0.026359069034434857,0.30384054185146203
SCface,93089,26,12,0.05287557382885854,0.05928296433735164,400,24,-0.01,2.0,0.016666666666666666,0.03,0.017517180707064827,0.03727735292002646,0.16199075325175522
SCface,93089,26,12,0.05287557382885854,0.05928296433735164,400,24,-0.02,1.0,0.016666666666666666,0.03,0.012386517265235701,0.026359069034434857,0.0932980722365489
SCface,93089,26,12,0.05287557382885854,0.05928296433735164,400,24,-0.02,2.0,0.016666666666666666,0.03,0.017517180707064827,0.03727735292002646,0.05971422007556915
SCface,93089,26,12,0.05287557382885854,0.05928296433735164,400,48,0.0,1.0,0.016666666666666666,0.03,0.008955874489163797,0.019058506024623896,0.8890916084649474
SCface,93089,26,12,0.05287557382885854,0.05928296433735164,400,48,0.0,2.0,0.016666666666666666,0.03,0.012665519165486656,0.026952797698592455,0.5950637036841284
SCface,93089,26,12,0.05287557382885854,0.05928296433735164,400,48,-0.01,1.0,0.016666666666666666,0.03,0.008955874489163797,0.019058506024623896,0.541862028726009
SCface,93089,26,12,0.05287557382885854,0.05928296433735164,400,48,-0.01,2.0,0.016666666666666666,0.03,0.012665519165486656,0.026952797698592455,0.29151823040167374
SCface,93089,26,12,0.05287557382885854,0.05928296433735164,400,48,-0.02,1.0,0.016666666666666666,0.03,0.008955874489163797,0.019058506024623896,0.15589823269749697
SCface,93089,26,12,0.05287557382885854,0.05928296433735164,400,48,-0.02,2.0,0.016666666666666666,0.03,0.012665519165486656,0.026952797698592455,0.09036674637038128
SCface,93089,26,12,0.05287557382885854,0.05928296433735164,400,96,0.0,1.0,0.016666666666666666,0.03,0.006602925625621667,0.014051324409282093,0.9921409298774229
SCface,93089,26,12,0.05287557382885854,0.05928296433735164,400,96,0.0,2.0,0.016666666666666666,0.03,0.009337946971095015,0.019871573548910854,0.8609621778861503
SCface,93089,26,12,0.05287557382885854,0.05928296433735164,400,96,-0.01,1.0,0.016666666666666666,0.03,0.006602925625621667,0.014051324409282093,0.8161832766562933
SCface,93089,26,12,0.05287557382885854,0.05928296433735164,400,96,-0.01,2.0,0.016666666666666666,0.03,0.009337946971095015,0.019871573548910854,0.5054865514112755
SCface,93089,26,12,0.05287557382885854,0.05928296433735164,400,96,-0.02,1.0,0.016666666666666666,0.03,0.006602925625621667,0.014051324409282093,0.2697513914988451
SCface,93089,26,12,0.05287557382885854,0.05928296433735164,400,96,-0.02,2.0,0.016666666666666666,0.03,0.009337946971095015,0.019871573548910854,0.14522247373529085
